"結果","J:COM区分","メーカー","J:COM機種名","J:COM判定","本ツール機種名","型番","発売","本ツール判定","理由"
"一致","SIMフリー","Apple","iPhone 18 Pro","不要","iPhone 18 Pro","","2026年9月","解除不要",""
"一致","SIMフリー","Apple","iPhone 18 Pro Max","不要","iPhone 18 Pro Max","","2026年9月","解除不要",""
"一致","SIMフリー","Apple","iPhone Duo","不要","iPhone Duo","","2026年9月","解除不要",""
"一致","SIMフリー","Apple","iPhone 17 Pro","不要","iPhone 17 Pro","","2025年9月","解除不要",""
"一致","SIMフリー","Apple","iPhone 17 Pro Max","不要","iPhone 17 Pro Max","","2025年9月","解除不要",""
"一致","SIMフリー","Apple","iPhone Air","不要","iPhone Air","","2025年9月","解除不要",""
"一致","SIMフリー","Apple","iPhone 17","不要","iPhone 17","","2025年9月","解除不要",""
"一致","SIMフリー","Apple","iPhone 17e","不要","iPhone 17e","","2026年3月","解除不要",""
"一致","SIMフリー","Apple","iPhone 16 Pro","不要","iPhone 16 Pro","","2024年9月","解除不要",""
"一致","SIMフリー","Apple","iPhone 16 Pro Max","不要","iPhone 16 Pro Max","","2024年9月","解除不要",""
"一致","SIMフリー","Apple","iPhone 16","不要","iPhone 16","","2024年9月","解除不要",""
"一致","SIMフリー","Apple","iPhone 16 Plus","不要","iPhone 16 Plus","","2024年9月","解除不要",""
"一致","SIMフリー","Apple","iPhone 16e","不要","iPhone 16e","","2025年2月","解除不要",""
"一致","SIMフリー","Apple","iPhone 15 Pro","不要","iPhone 15 Pro","","2023年9月","解除不要",""
"一致","SIMフリー","Apple","iPhone 15 Pro Max","不要","iPhone 15 Pro Max","","2023年9月","解除不要",""
"一致","SIMフリー","Apple","iPhone 15","不要","iPhone 15","","2023年9月","解除不要",""
"一致","SIMフリー","Apple","iPhone 15 Plus","不要","iPhone 15 Plus","","2023年9月","解除不要",""
"一致","SIMフリー","Apple","iPhone 14 Pro","不要","iPhone 14 Pro","","2022年9月","解除不要",""
"一致","SIMフリー","Apple","iPhone 14 Pro Max","不要","iPhone 14 Pro Max","","2022年9月","解除不要",""
"一致","SIMフリー","Apple","iPhone 14","不要","iPhone 14","","2022年9月","解除不要",""
"一致","SIMフリー","Apple","iPhone 14 Plus","不要","iPhone 14 Plus","","2022年10月","解除不要",""
"一致","SIMフリー","Apple","iPhone SE (第3世代)","不要","iPhone SE（第3世代）","","2022年3月","解除不要",""
"一致","SIMフリー","Apple","iPhone 13 Pro","不要","iPhone 13 Pro","","2021年9月","解除不要",""
"一致","SIMフリー","Apple","iPhone 13 Pro Max","不要","iPhone 13 Pro Max","","2021年9月","解除不要",""
"一致","SIMフリー","Apple","iPhone 13","不要","iPhone 13","","2021年9月","解除不要",""
"一致","SIMフリー","Apple","iPhone 13 mini","不要","iPhone 13 mini","","2021年9月","解除不要",""
"一致","SIMフリー","Apple","iPhone 12 Pro","不要","iPhone 12 Pro","","2020年10月","解除不要",""
"一致","SIMフリー","Apple","iPhone 12 Pro Max","不要","iPhone 12 Pro Max","","2020年11月","解除不要",""
"一致","SIMフリー","Apple","iPhone 12","不要","iPhone 12","","2020年10月","解除不要",""
"一致","SIMフリー","Apple","iPhone 12 mini","不要","iPhone 12 mini","","2020年11月","解除不要",""
"一致","SIMフリー","Apple","iPhone SE (第2世代)","不要","iPhone SE（第2世代）","","2020年5月","解除不要",""
"一致","SIMフリー","Apple","iPhone 11 Pro","不要","iPhone 11 Pro","","2019年9月","解除不要",""
"一致","SIMフリー","Apple","iPhone 11 Pro Max","不要","iPhone 11 Pro Max","","2019年9月","解除不要",""
"一致","SIMフリー","Apple","iPhone 11","不要","iPhone 11","","2019年9月","解除不要",""
"一致","SIMフリー","Apple","iPhone XR","不要","iPhone XR","","2018年10月","解除不要",""
"一致","SIMフリー","Apple","iPhone XS","不要","iPhone XS","","2018年9月","解除不要",""
"一致","SIMフリー","Apple","iPhone XS Max","不要","iPhone XS Max","","2018年9月","解除不要",""
"一致","SIMフリー","Apple","iPhone X","不要","iPhone X","","2017年11月","解除不要",""
"一致","SIMフリー","Apple","iPhone 8","不要","iPhone 8","","2017年9月","解除不要",""
"一致","SIMフリー","Apple","iPhone 8 Plus","不要","iPhone 8 Plus","","2017年9月","解除不要",""
"一致","SIMフリー","Apple","iPhone 7","不要","iPhone 7","","2016年9月","解除不要",""
"一致","SIMフリー","Apple","iPhone 7 Plus","不要","iPhone 7 Plus","","2016年9月","解除不要",""
"一致","SIMフリー","Apple","iPhone SE (第1世代)","不要","iPhone SE（第1世代）","","2016年3月","解除不要",""
"一致","SIMフリー","Apple","iPhone 6s","不要","iPhone 6s","","2015年9月","解除不要",""
"一致","SIMフリー","Apple","iPhone 6s Plus","不要","iPhone 6s Plus","","2015年9月","解除不要",""
"一致","SIMフリー","Apple","11インチiPad Air (M4)","不要","11インチ iPad Air（M4）","","2026年","解除不要",""
"一致","SIMフリー","Apple","13インチiPad Air (M4)","不要","13インチ iPad Air（M4）","","2026年","解除不要",""
"一致","SIMフリー","Apple","11インチiPad Pro (M5)","不要","11インチ iPad Pro（M5）","","2025年10月","解除不要",""
"一致","SIMフリー","Apple","13インチiPad Pro (M5)","不要","13インチ iPad Pro（M5）","","2025年10月","解除不要",""
"一致","SIMフリー","Apple","11インチiPad Air（M3）","不要","11インチ iPad Air（M3）","","2025年3月","解除不要",""
"一致","SIMフリー","Apple","13インチiPad Air（M3）","不要","13インチ iPad Air（M3）","","2025年3月","解除不要",""
"一致","SIMフリー","Apple","11インチiPad（A16）","不要","11インチ iPad（A16）","","2025年3月","解除不要",""
"一致","SIMフリー","Apple","iPad mini (A17 Pro)","不要","iPad mini（A17 Pro）","","2024年10月","解除不要",""
"一致","SIMフリー","Apple","13インチiPad Pro (M4)","不要","13インチ iPad Pro（M4）","","2024年5月","解除不要",""
"一致","SIMフリー","Apple","11インチiPad Pro (M4)","不要","11インチ iPad Pro（M4）","","2024年5月","解除不要",""
"一致","SIMフリー","Apple","13インチiPad Air (M2)","不要","13インチ iPad Air（M2）","","2024年5月","解除不要",""
"一致","SIMフリー","Apple","11インチiPad Air (M2)","不要","11インチ iPad Air（M2）","","2024年5月","解除不要",""
"一致","SIMフリー","Apple","12.9インチiPad Pro（第6世代）","不要","12.9インチ iPad Pro（第6世代）","","2022年10月","解除不要",""
"一致","SIMフリー","Apple","11インチiPad Pro（第4世代）","不要","11インチ iPad Pro（第4世代）","","2022年10月","解除不要",""
"一致","SIMフリー","Apple","iPad（第10世代）","不要","iPad（第10世代）","","2022年10月","解除不要",""
"一致","SIMフリー","Apple","iPad Air（第5世代）","不要","iPad Air（第5世代）","","2022年3月","解除不要",""
"一致","SIMフリー","Apple","iPad（第9世代）","不要","iPad（第9世代）","","2021年9月","解除不要",""
"一致","SIMフリー","Apple","iPad mini（第6世代）","不要","iPad mini（第6世代）","","2021年9月","解除不要",""
"一致","SIMフリー","Apple","11インチ iPad Pro（第3世代）","不要","11インチ iPad Pro（第3世代）","","2021年5月","解除不要",""
"一致","SIMフリー","Apple","12.9インチ iPad Pro（第5世代）","不要","12.9インチ iPad Pro（第5世代）","","2021年5月","解除不要",""
"一致","SIMフリー","Apple","iPad Air（第4世代）","不要","iPad Air（第4世代）","","2020年10月","解除不要",""
"一致","SIMフリー","Apple","iPad（第8世代）","不要","iPad（第8世代）","","2020年9月","解除不要",""
"一致","SIMフリー","Apple","11インチ iPad Pro（第2世代）","不要","11インチ iPad Pro（第2世代）","","2020年3月","解除不要",""
"一致","SIMフリー","Apple","12.9インチ iPad Pro（第4世代）","不要","12.9インチ iPad Pro（第4世代）","","2020年3月","解除不要",""
"一致","SIMフリー","Apple","iPad（第7世代）","不要","iPad（第7世代）","","2019年9月","解除不要",""
"一致","SIMフリー","Apple","iPad Air（第3世代）","不要","iPad Air（第3世代）","","2019年3月","解除不要",""
"一致","SIMフリー","Apple","iPad mini（第5世代）","不要","iPad mini（第5世代）","","2019年3月","解除不要",""
"一致","SIMフリー","Apple","11インチ iPad Pro（第1世代）","不要","11インチ iPad Pro（第1世代）","","2018年11月","解除不要",""
"一致","SIMフリー","Apple","12.9インチ iPad Pro（第3世代）","不要","12.9インチ iPad Pro（第3世代）","","2018年11月","解除不要",""
"一致","SIMフリー","Apple","iPad（第6世代）","不要","iPad（第6世代）","","2018年3月","解除不要",""
"一致","SIMフリー","Apple","10.5インチ iPad Pro","不要","10.5インチ iPad Pro","","2017年6月","解除不要",""
"一致","SIMフリー","Apple","12.9インチ iPad Pro（第2世代）","不要","12.9インチ iPad Pro（第2世代）","","2017年6月","解除不要",""
"一致","SIMフリー","Apple","iPad（第5世代）","不要","iPad（第5世代）","","2017年3月","解除不要",""
"一致","SIMフリー","Apple","9.7インチ iPad Pro","不要","9.7インチ iPad Pro","","2016年3月","解除不要",""
"一致","SIMフリー","Apple","12.9インチiPad Pro（第1世代）","不要","12.9インチ iPad Pro（第1世代）","","2015年11月","解除不要",""
"一致","SIMフリー","Apple","iPad mini 4","不要","iPad mini 4","","2015年9月","解除不要",""
"一致","SIMフリー","ASUS","Zenfone 12 Ultra","不要","Zenfone 12 Ultra","","2025年","解除不要",""
"一致","SIMフリー","ASUS","ROG Phone 9","不要","ROG Phone 9","","2024年11月","解除不要",""
"一致","SIMフリー","ASUS","ROG Phone 9 Pro","不要","ROG Phone 9 Pro","","2024年","解除不要",""
"一致","SIMフリー","ASUS","Zenfone 11 Ultra","不要","Zenfone 11 Ultra","","2024年7月","解除不要",""
"一致","SIMフリー","ASUS","ROG Phone 8 Pro","不要","ROG Phone 8 Pro","","2024年","解除不要",""
"一致","SIMフリー","ASUS","ROG Phone 8","不要","ROG Phone 8","","2024年5月","解除不要",""
"一致","SIMフリー","ASUS","Zenfone 10","不要","Zenfone 10","","2023年","解除不要",""
"一致","SIMフリー","ASUS","ROG Phone 7 Ultimate","不要","ROG Phone 7 Ultimate","","2023年","解除不要",""
"一致","SIMフリー","ASUS","ROG Phone 7","不要","ROG Phone 7","","2023年","解除不要",""
"一致","SIMフリー","ASUS","Zenfone 9","不要","Zenfone 9","","2022年","解除不要",""
"一致","SIMフリー","ASUS","ROG Phone 6 Pro","不要","ROG Phone 6 Pro","","2022年","解除不要",""
"一致","SIMフリー","ASUS","ROG Phone 6","不要","ROG Phone 6","","2022年","解除不要",""
"一致","SIMフリー","ASUS","ROG Phone 5s Pro (ZS676KS)","不要","ROG Phone 5s Pro","ZS676KS","2021年","解除不要",""
"一致","SIMフリー","ASUS","ROG Phone 5s (ZS676KS)","不要","ROG Phone 5s","ZS676KS","2021年","解除不要",""
"一致","SIMフリー","ASUS","Smartphone for Snapdragon Insiders (ZS675KW)","不要","Smartphone for Snapdragon Insiders","ZS675KW","2021年","解除不要",""
"一致","SIMフリー","ASUS","ROG Phone 5 Ultimate(ZS673KS)","不要","ROG Phone 5 Ultimate","ZS673KS","2021年","解除不要",""
"一致","SIMフリー","ASUS","Zenfone 8 Flip(ZS672KS)","不要","Zenfone 8 Flip","ZS672KS","2021年","解除不要",""
"一致","SIMフリー","ASUS","Zenfone 8(ZS590KS)","不要","Zenfone 8","ZS590KS","2021年","解除不要",""
"一致","SIMフリー","ASUS","ROG Phone 5(ZS673KS)","不要","ROG Phone 5","ZS673KS","2021年","解除不要",""
"一致","SIMフリー","ASUS","ZenFone 7 / 7 Pro","不要","ZenFone 7 / 7 Pro","","2020年","解除不要",""
"一致","SIMフリー","ASUS","ROG Phone 3 (ZS661KS)","不要","ROG Phone 3","ZS661KS","2020年","解除不要",""
"一致","SIMフリー","ASUS","ROG Phone II (ZS660KL)","不要","ROG Phone II","ZS660KL","2019年","解除不要",""
"一致","SIMフリー","ASUS","ZenFone 6 (ZS630KL)","不要","ZenFone 6","ZS630KL","2019年","解除不要",""
"一致","SIMフリー","ASUS","ZenFone MAX M2 (ZB633KL)","不要","ZenFone MAX M2","ZB633KL","2019年","解除不要",""
"一致","SIMフリー","ASUS","ZenFone MAX Pro M2 (ZB631KL)","不要","ZenFone MAX Pro M2","ZB631KL","2019年","解除不要",""
"一致","SIMフリー","ASUS","ZenFone Live L1 (ZA550KL）","不要","ZenFone Live L1","ZA550KL","2018年","解除不要",""
"一致","SIMフリー","ASUS","ZenFone MAX Pro M1 (ZB602KL)","不要","ZenFone MAX Pro M1","ZB602KL","2018年","解除不要",""
"一致","SIMフリー","ASUS","ROG Phone (ZS600KL)","不要","ROG Phone","ZS600KL","2018年","解除不要",""
"一致","SIMフリー","ASUS","ZenFone Max M1 (ZB555KL)","不要","ZenFone Max M1","ZB555KL","2018年","解除不要",""
"一致","SIMフリー","ASUS","ZenFone 5Z (ZS620KL)","不要","ZenFone 5Z","ZS620KL","2018年","解除不要",""
"一致","SIMフリー","ASUS","ZenFone 5Q (ZC600KL)","不要","ZenFone 5Q","ZC600KL","2018年","解除不要",""
"一致","SIMフリー","ASUS","ZenFone 5 (ZE620KL)","不要","ZenFone 5","ZE620KL","2018年","解除不要",""
"一致","SIMフリー","ASUS","ZenFone 4 Selfie (ZD553KL)","不要","ZenFone 4 Selfie","ZD553KL","2017年","解除不要",""
"一致","SIMフリー","ASUS","ZenFone 4 Max (ZC520KL)","不要","ZenFone 4 Max","ZC520KL","2017年","解除不要",""
"一致","SIMフリー","ASUS","ZenFone 4 Max Pro (ZC554KL)","不要","ZenFone 4 Max Pro","ZC554KL","2017年","解除不要",""
"一致","SIMフリー","ASUS","ZenFone 4 Pro (ZS551KL)","不要","ZenFone 4 Pro","ZS551KL","2017年","解除不要",""
"一致","SIMフリー","ASUS","ZenFone 4 Selfie Pro (ZD552KL)","不要","ZenFone 4 Selfie Pro","ZD552KL","2017年","解除不要",""
"一致","SIMフリー","ASUS","ZenFone 4 (ZE554KL)","不要","ZenFone 4","ZE554KL","2017年","解除不要",""
"一致","SIMフリー","ASUS","ZenFone Live (ZB501KL)","不要","ZenFone Live","ZB501KL","2017年","解除不要",""
"一致","SIMフリー","ASUS","ZenFone AR (ZS571KL)","不要","ZenFone AR","ZS571KL","2017年","解除不要",""
"一致","SIMフリー","ASUS","ZenFone Zoom S (ZE553KL)","不要","ZenFone Zoom S","ZE553KL","2017年","解除不要",""
"一致","SIMフリー","ASUS","ZenFone 3 Ultra (ZU680KL)","不要","ZenFone 3 Ultra","ZU680KL","2016年","解除不要",""
"一致","SIMフリー","ASUS","ZenFone 3 Laser (ZC551KL)","不要","ZenFone 3 Laser","ZC551KL","2016年","解除不要",""
"一致","SIMフリー","ASUS","ZenFone 3 Deluxe (ZS550KL)","不要","ZenFone 3 Deluxe","ZS550KL","2016年","解除不要",""
"一致","SIMフリー","ASUS","ZenFone 3 (ZE520KL)","不要","ZenFone 3","ZE520KL","2016年","解除不要",""
"一致","SIMフリー","ASUS","ZenFone 3 Max (ZC553KL)","不要","ZenFone 3 Max","ZC553KL","2016年","解除不要",""
"一致","SIMフリー","ASUS","ZenFone 2 laser (ZE500KL)","不要","ZenFone 2 laser","ZE500KL","2016年","解除不要",""
"一致","SIMフリー","ASUS","ZenFone Go (ZB551KL)","不要","ZenFone Go","ZB551KL","2016年","解除不要",""
"一致","SIMフリー","FCNT","arrows Alpha2 M10","不要","arrows Alpha2","M10","2026年","解除不要",""
"一致","SIMフリー","FCNT","arrows M05","不要","arrows M05","","2019年","解除不要",""
"一致","SIMフリー","FCNT","arrows M04","不要","arrows M04","","2018年","解除不要",""
"一致","SIMフリー","FCNT","arrows M03","不要","arrows M03","","—","解除不要",""
"一致","SIMフリー","FCNT","arrows M02","不要","arrows M02","","—","解除不要",""
"一致","SIMフリー","Huawei","HUAWEI P40 lite E","不要","HUAWEI P40 lite E","","2020年","解除不要",""
"一致","SIMフリー","Huawei","HUAWEI P40 Pro 5G","不要","HUAWEI P40 Pro 5G","","2020年","解除不要",""
"一致","SIMフリー","Huawei","HUAWEI nova lite 3+","不要","HUAWEI nova lite 3+","","2020年","解除不要",""
"一致","SIMフリー","Huawei","HUAWEI nova 5T","不要","HUAWEI nova 5T","","2019年","解除不要",""
"一致","SIMフリー","Huawei","HUAWEI P30","不要","HUAWEI P30","","2019年","解除不要",""
"一致","SIMフリー","Huawei","HUAWEI P30 lite","不要","HUAWEI P30 lite","","2019年","解除不要",""
"一致","SIMフリー","Huawei","HUAWEI nova lite 3","不要","HUAWEI nova lite 3","","2019年","解除不要",""
"一致","SIMフリー","Huawei","HUAWEI Mate 20 Pro","不要","HUAWEI Mate 20 Pro","","2018年","解除不要",""
"一致","SIMフリー","Huawei","HUAWEI Mate 20 lite","不要","HUAWEI Mate 20 lite","","2018年","解除不要",""
"一致","SIMフリー","Huawei","HUAWEI nova 3","不要","HUAWEI nova 3","","2018年","解除不要",""
"一致","SIMフリー","Huawei","HUAWEI P20","不要","HUAWEI P20","","2018年","解除不要",""
"一致","SIMフリー","Huawei","HUAWEI P20 lite","不要","HUAWEI P20 lite","ANE-LX2J","2018年","解除不要",""
"一致","SIMフリー","Huawei","HUAWEI Mate 10 Pro","不要","HUAWEI Mate 10 Pro","","2018年","解除不要",""
"一致","SIMフリー","Huawei","HUAWEI P10 lite","不要","HUAWEI P10 lite","","2017年","解除不要",""
"一致","SIMフリー","Huawei","HUAWEI nova","不要","HUAWEI nova","","2017年","解除不要",""
"一致","SIMフリー","OPPO","OPPO Find N6","不要","OPPO Find N6","","2026年","解除不要",""
"一致","SIMフリー","OPPO","OPPO Find X9","不要","OPPO Find X9","","2025年10月","解除不要",""
"一致","SIMフリー","OPPO","OPPO A5 5G","不要","OPPO A5 5G","","2025年","解除不要",""
"一致","SIMフリー","OPPO","OPPO A5x","不要","OPPO A5x","","2025年","解除不要",""
"一致","SIMフリー","OPPO","OPPO Reno14 5G","不要","OPPO Reno14 5G","","2025年","解除不要",""
"一致","SIMフリー","OPPO","OPPO Reno13 A","不要","OPPO Reno13 A","","2025年6月","解除不要",""
"一致","SIMフリー","OPPO","OPPO Find X8","不要","OPPO Find X8","","2024年","解除不要",""
"一致","SIMフリー","OPPO","OPPO A3 5G","不要","OPPO A3 5G","","2024年12月","解除不要",""
"一致","SIMフリー","OPPO","OPPO Reno11 A","不要","OPPO Reno11 A","","2024年","解除不要",""
"一致","SIMフリー","OPPO","OPPO A79 5G","不要","OPPO A79 5G","","2023年","解除不要",""
"一致","SIMフリー","OPPO","OPPO Reno10 Pro 5G","不要","OPPO Reno10 Pro 5G","","2023年","解除不要",""
"一致","SIMフリー","OPPO","OPPO Reno9 A","不要","OPPO Reno9 A","","2023年6月","解除不要",""
"一致","SIMフリー","OPPO","OPPO A77","不要","OPPO A77","","—","解除不要",""
"一致","SIMフリー","OPPO","OPPO A55s 5G","不要","OPPO A55s 5G","","2021年11月","解除不要",""
"一致","SIMフリー","OPPO","OPPO Find X3 Pro","不要","OPPO Find X3 Pro","","2021年6月","解除不要",""
"一致","SIMフリー","OPPO","OPPO Reno5 A","不要","OPPO Reno5 A","CPH2199","2021年6月","解除不要",""
"一致","SIMフリー","OPPO","OPPO A73","不要","OPPO A73","CPH2099","2020年","解除不要",""
"一致","SIMフリー","OPPO","OPPO A5 2020","不要","OPPO A5 2020","","2020年","解除不要",""
"一致","SIMフリー","OPPO","OPPO Reno A","不要","OPPO Reno A","","2019年","解除不要",""
"一致","SIMフリー","OPPO","OPPO Reno 10x Zoom","不要","OPPO Reno 10x Zoom","","2019年","解除不要",""
"一致","SIMフリー","OPPO","R17 Pro","不要","OPPO R17 Pro","","2018年","解除不要",""
"一致","SIMフリー","OPPO","AX7","不要","OPPO AX7","","2018年","解除不要",""
"一致","SIMフリー","OPPO","Find X","不要","OPPO Find X","","2018年","解除不要",""
"一致","SIMフリー","OPPO","R15 Pro","不要","OPPO R15 Pro","","2018年","解除不要",""
"一致","SIMフリー","OPPO","R15 Neo","不要","OPPO R15 Neo","","2018年","解除不要",""
"一致","SIMフリー","OPPO","R11s","不要","OPPO R11s","","2018年","解除不要",""
"一致","SIMフリー","SAMSUNG","Galaxy S23 Ultra","不要","Galaxy S23 Ultra","","2023年2月","解除不要",""
"一致","SIMフリー","SAMSUNG","Galaxy M23 5G","不要","Galaxy M23 5G","","—","解除不要",""
"一致","SIMフリー","SHARP","AQUOS R11 SH-M35","不要","AQUOS R11","SH-M35","2026年7月","解除不要",""
"一致","SIMフリー","SHARP","AQUOS R9 pro SH-M30","不要","AQUOS R9 pro","SH-M30","2024年","解除不要",""
"一致","SIMフリー","SHARP","AQUOS wish4 SH-M27","不要","AQUOS wish4","SH-M27","2024年","解除不要",""
"一致","SIMフリー","SHARP","AQUOS wish SH-M20","不要","AQUOS wish","SH-M20","2022年1月","解除不要",""
"一致","SIMフリー","SHARP","AQUOS sense6 SH-M19","不要","AQUOS sense6","SH-M19","2021年11月","解除不要",""
"一致","SIMフリー","SHARP","AQUOS R6 SH-M22","不要","AQUOS R6","SH-M22","2021年6月","解除不要",""
"一致","SIMフリー","SHARP","AQUOS sense5G SH-M17","不要","AQUOS sense5G","SH-M17","2021年2月","解除不要",""
"一致","SIMフリー","SHARP","AQUOS sense4 plus SH-M16","不要","AQUOS sense4 plus","SH-M16","—","解除不要",""
"一致","SIMフリー","SHARP","AQUOS sense4 SH-M15","不要","AQUOS sense4","SH-M15","2020年12月","解除不要",""
"一致","SIMフリー","SHARP","AQUOS zero2 SH-M13","不要","AQUOS zero2","SH-M13","2019年","解除不要",""
"一致","SIMフリー","SHARP","AQUOS sense3 SH-M12","不要","AQUOS sense3","SH-M12","2019年","解除不要",""
"一致","SIMフリー","SHARP","AQUOS sense3 plus SH-M11","不要","AQUOS sense3 plus","SH-M11","—","解除不要",""
"一致","SIMフリー","SHARP","AQUOS zero SH-M10","不要","AQUOS zero","SH-M10","—","解除不要",""
"一致","SIMフリー","SHARP","AQUOS R2 compact SH-M09","不要","AQUOS R2 compact","SH-M09","—","解除不要",""
"一致","SIMフリー","SHARP","AQUOS sense2 SH-M08","不要","AQUOS sense2","SH-M08","2018年","解除不要",""
"一致","SIMフリー","SHARP","AQUOS sense plus SH-M07","不要","AQUOS sense plus","SH-M07","—","解除不要",""
"一致","SIMフリー","SHARP","AQUOS R compact SH-M06","不要","AQUOS R compact","SH-M06","—","解除不要",""
"一致","SIMフリー","SHARP","AQUOS sense lite SH-M05","不要","AQUOS sense lite","SH-M05","—","解除不要",""
"一致","SIMフリー","Sony Corporation","Xperia 1 VIII XQ-GE44","不要","Xperia 1 VIII","XQ-GE44","2026年6月","解除不要",""
"一致","SIMフリー","Sony Corporation","Xperia 5 V XQ-DE44","不要","Xperia 5 V","XQ-DE44","2023年11月","解除不要",""
"一致","SIMフリー","Sony Corporation","Xperia 1 V XQ-DQ44","不要","Xperia 1 V","XQ-DQ44","2023年6月","解除不要",""
"一致","SIMフリー","Sony Corporation","Xperia 10 V XQ-DC44","不要","Xperia 10 V","XQ-DC44","2023年7月","解除不要",""
"一致","SIMフリー","Sony Corporation","Xperia 10 IV XQ-CC44","不要","Xperia 10 IV","XQ-CC44","2022年7月","解除不要",""
"一致","SIMフリー","Sony Corporation","Xperia 5 IV XQ-CQ44","不要","Xperia 5 IV","XQ-CQ44","2022年10月","解除不要",""
"一致","SIMフリー","Sony Corporation","Xperia 1 IV XQ-CT44","不要","Xperia 1 IV","XQ-CT44","2022年6月","解除不要",""
"一致","SIMフリー","Sony Corporation","Xperia 5 III XQ-BQ42","不要","Xperia 5 III","XQ-BQ42","2021年11月","解除不要",""
"一致","SIMフリー","Sony Corporation","Xperia 1 III XQ-BC42","不要","Xperia 1 III","XQ-BC42","2021年7月","解除不要",""
"一致","SIMフリー","Sony Corporation","Xperia 10 III lite XQ-BT44","不要","Xperia 10 III lite","XQ-BT44","2021年","解除不要",""
"一致","SIMフリー","Sony Corporation","Xperia 5ⅡXQ-AS42","不要","Xperia 5 II","XQ-AS42","2020年10月","解除不要",""
"一致","SIMフリー","Sony Corporation","Xperia 1ⅡXQ-AT42","不要","Xperia 1 II","XQ-AT42","2020年5月","解除不要",""
"一致","SIMフリー","Sony Corporation","Xperia 10ⅡXQ-AU42","不要","Xperia 10 II","XQ-AU42","2020年","解除不要",""
"一致","SIMフリー","Sony Corporation","Xperia 8 Lite J3273","不要","Xperia 8 Lite","J3273","2019年","解除不要",""
"一致","SIMフリー","Sony Corporation","Xperia 5 J9260","不要","Xperia 5","J9260","2019年","解除不要",""
"一致","SIMフリー","Sony Corporation","Xperia 1 J9110","不要","Xperia 1","J9110","2019年","解除不要",""
"一致","SIMフリー","TCL Communication","SHINE LITE","不要","SHINE LITE","","2017年","解除不要",""
"一致","SIMフリー","TCL Communication","IDOL 4","不要","IDOL 4","","2017年","解除不要",""
"一致","SIMフリー","Xiaomi","POCO X7 Pro","不要","POCO X7 Pro","","2025年","解除不要",""
"一致","SIMフリー","Xiaomi","Xiaomi 14 Ultra","不要","Xiaomi 14 Ultra","","2024年","解除不要",""
"一致","SIMフリー","Xiaomi","Xiaomi 13T Pro","不要","Xiaomi 13T Pro","","2023年","解除不要",""
"一致","SIMフリー","Xiaomi","Redmi 12 5G","不要","Redmi 12 5G","","2023年10月","解除不要",""
"一致","SIMフリー","Xiaomi","Redmi 12C","不要","Redmi 12C","","2023年","解除不要",""
"一致","SIMフリー","Xiaomi","Xiaomi 12T Pro","不要","Xiaomi 12T Pro","","2022年","解除不要",""
"一致","SIMフリー","Xiaomi","POCO F4 GT","不要","POCO F4 GT","","2022年","解除不要",""
"一致","SIMフリー","Xiaomi","Redmi Note 11 Pro 5G","不要","Redmi Note 11 Pro 5G","","2022年","解除不要",""
"一致","SIMフリー","Xiaomi","Redmi Note 10T","不要","Redmi Note 10T","","2022年4月","解除不要",""
"一致","SIMフリー","Xiaomi","Redmi Note 11","不要","Redmi Note 11","","2022年","解除不要",""
"一致","SIMフリー","Xiaomi","Xiaomi 11T Pro","不要","Xiaomi 11T Pro","","2021年11月","解除不要",""
"一致","SIMフリー","Xiaomi","Mi 11 Lite 5G","不要","Mi 11 Lite 5G","","2021年6月","解除不要",""
"一致","SIMフリー","Xiaomi","Redmi 9T","不要","Redmi 9T","","2021年","解除不要",""
"一致","SIMフリー","Xiaomi","Mi Note 10 Lite","不要","Mi Note 10 Lite","","2020年","解除不要",""
"一致","SIMフリー","Xiaomi","Redmi Note 9S","不要","Redmi Note 9S","","2020年","解除不要",""
"一致","SIMフリー","ZTE Corporation","nubia Flip 5G","不要","nubia Flip 5G","","2024年","解除不要",""
"一致","SIMフリー","ZTE Corporation","nubia Ivy","不要","nubia Ivy","","2025年","解除不要",""
"一致","SIMフリー","ZTE Corporation","BLADE V770","不要","BLADE V770","","2016年","解除不要",""
"一致","SIMフリー","BALMUDA","BALMUDA Phone X01A","不要","BALMUDA Phone","","2021年11月","解除不要",""
"一致","SIMフリー","Google","Google Pixel 11","不要","Pixel 11","","2026年8月","解除不要",""
"一致","SIMフリー","Google","Google Pixel 11 Pro","不要","Pixel 11 Pro","","2026年8月","解除不要",""
"一致","SIMフリー","Google","Google Pixel 11 Pro XL","不要","Pixel 11 Pro XL","","2026年8月","解除不要",""
"一致","SIMフリー","Google","Google Pixel 11 Pro Fold","不要","Pixel 11 Pro Fold","","2026年8月","解除不要",""
"一致","SIMフリー","Google","Google Pixel 10a","不要","Pixel 10a","","2026年3月","解除不要",""
"一致","SIMフリー","Google","Google Pixel 10 Pro Fold","不要","Pixel 10 Pro Fold","","2025年10月","解除不要",""
"一致","SIMフリー","Google","Google Pixel 10 Pro","不要","Pixel 10 Pro","","2025年8月","解除不要",""
"一致","SIMフリー","Google","Google Pixel 10 Pro XL","不要","Pixel 10 Pro XL","","2025年8月","解除不要",""
"一致","SIMフリー","Google","Google Pixel 10","不要","Pixel 10","","2025年8月","解除不要",""
"一致","SIMフリー","Google","Google Pixel 9a","不要","Pixel 9a","","2025年4月","解除不要",""
"一致","SIMフリー","Google","Google Pixel 9 Pro Fold","不要","Pixel 9 Pro Fold","","2024年9月","解除不要",""
"一致","SIMフリー","Google","Google Pixel 9 Pro","不要","Pixel 9 Pro","","2024年9月","解除不要",""
"一致","SIMフリー","Google","Google Pixel 9 Pro XL","不要","Pixel 9 Pro XL","","2024年9月","解除不要",""
"一致","SIMフリー","Google","Google Pixel 9","不要","Pixel 9","","2024年8月","解除不要",""
"一致","SIMフリー","Google","Google Pixel 8a","不要","Pixel 8a","","2024年5月","解除不要",""
"一致","SIMフリー","Google","Google Pixel 8 Pro","不要","Pixel 8 Pro","","2023年10月","解除不要",""
"一致","SIMフリー","Google","Google Pixel 8","不要","Pixel 8","","2023年10月","解除不要",""
"一致","SIMフリー","Google","Google Pixel Fold","不要","Pixel Fold","","2023年7月","解除不要",""
"一致","SIMフリー","Google","Google Pixel 7a","不要","Pixel 7a","","2023年5月","解除不要",""
"一致","SIMフリー","Google","Google Pixel 7 Pro","不要","Pixel 7 Pro","","2022年10月","解除不要",""
"一致","SIMフリー","Google","Google Pixel 7","不要","Pixel 7","","2022年10月","解除不要",""
"一致","SIMフリー","Google","Google Pixel 6a","不要","Pixel 6a","","2022年7月","解除不要",""
"一致","SIMフリー","Google","Google Pixel 6 Pro","不要","Pixel 6 Pro","","2021年10月","解除不要",""
"一致","SIMフリー","Google","Google Pixel 6","不要","Pixel 6","","2021年10月","解除不要",""
"一致","SIMフリー","Google","Google Pixel 5a (5G)","不要","Pixel 5a (5G)","","2021年8月","解除不要",""
"一致","SIMフリー","Google","Google Pixel 5","不要","Pixel 5","","2020年10月","解除不要",""
"一致","SIMフリー","Google","Google Pixel 4a","不要","Pixel 4a","","2020年10月","解除不要",""
"一致","SIMフリー","Microsoft","Surface Pro X","不要","Surface Pro X","","2020年","解除不要",""
"一致","SIMフリー","Motorola","motorola edge 40 neo","不要","edge 40 neo","","2023年","解除不要",""
"一致","SIMフリー","Motorola","moto g24","不要","moto g24","","2024年","解除不要",""
"一致","SIMフリー","Motorola","motorola razr 40 ultra","不要","razr 40 ultra","","2023年","解除不要",""
"一致","SIMフリー","Motorola","motorola edge 40","不要","edge 40","","2023年","解除不要",""
"一致","SIMフリー","Motorola","moto g53j 5G","不要","moto g53j 5G","","2023年","解除不要",""
"一致","SIMフリー","Motorola","moto g13","不要","moto g13","","2023年","解除不要",""
"一致","SIMフリー","Motorola","moto g32","不要","moto g32","","2022年","解除不要",""
"一致","SIMフリー","Motorola","moto g31","不要","moto g31","","2022年","解除不要",""
"一致","SIMフリー","Motorola","motorola edge 20","不要","edge 20","","2021年","解除不要",""
"一致","SIMフリー","Motorola","motorola edge 20 fusion","不要","edge 20 fusion","","2021年","解除不要",""
"一致","SIMフリー","Motorola","moto g50 5G","不要","moto g50 5G","","2021年","解除不要",""
"一致","SIMフリー","Motorola","moto g100","不要","moto g100","","2021年","解除不要",""
"一致","SIMフリー","Motorola","moto g30","不要","moto g30","","2021年","解除不要",""
"一致","SIMフリー","Motorola","moto g10","不要","moto g10","","2021年","解除不要",""
"一致","SIMフリー","Motorola","moto e7 power","不要","moto e7 power","","2021年","解除不要",""
"一致","SIMフリー","Motorola","moto e7","不要","moto e7","","2021年","解除不要",""
"一致","SIMフリー","Motorola","moto g PRO","不要","moto g PRO","","2020年","解除不要",""
"一致","SIMフリー","Motorola","moto g9 play","不要","moto g9 play","","2020年","解除不要",""
"一致","SIMフリー","Motorola","moto g8 power lite","不要","moto g8 power lite","","2020年","解除不要",""
"一致","SIMフリー","Motorola","moto e6s","不要","moto e6s","","2020年","解除不要",""
"一致","SIMフリー","Motorola","moto g8 power","不要","moto g8 power","","2020年","解除不要",""
"一致","SIMフリー","Motorola","moto g8","不要","moto g8","","2020年","解除不要",""
"一致","SIMフリー","Motorola","moto g8 plus","不要","moto g8 plus","","2019年","解除不要",""
"一致","SIMフリー","Motorola","moto g7 plus","不要","moto g7 plus","","2019年","解除不要",""
"一致","SIMフリー","Motorola","moto g7","不要","moto g7","","2019年","解除不要",""
"一致","SIMフリー","Motorola","moto z3 PLAY","不要","moto z3 PLAY","","2018年","解除不要",""
"一致","SIMフリー","Motorola","moto e5","不要","moto e5","","2018年","解除不要",""
"一致","SIMフリー","Motorola","moto g6 Plus","不要","moto g6 Plus","","2018年","解除不要",""
"一致","SIMフリー","Motorola","moto g6","不要","moto g6","","2018年","解除不要",""
"一致","SIMフリー","Motorola","Moto G5S","不要","Moto G5S","","2017年","解除不要",""
"一致","SIMフリー","Motorola","Moto G5S Plus","不要","Moto G5S Plus","","2017年","解除不要",""
"一致","SIMフリー","Motorola","Moto X4","不要","Moto X4","","2018年","解除不要",""
"一致","SIMフリー","ALT","MIVE ケースマ AT-M140J","不要","MIVE ケースマ","AT-M140J","2026年2月","解除不要",""
"一致","SIMフリー","富士ソフト","+F FS040U","不要","+F FS040U","","2019年","解除不要",""
"一致","SIMフリー","アイ・オー・データ機器","UD-LT1 EX","不要","UD-LT1 EX","","2019年","解除不要",""
"一致","SIMフリー","IDY","iR700B-LTE4","不要","iR700B-LTE4","","2020年","解除不要",""
"一致","SIMフリー","Nothing","Nothing Phone (2a)","不要","Nothing Phone (2a)","","2024年","解除不要",""
"一致","SIMフリー","Nothing","Nothing Phone (2)","不要","Nothing Phone (2)","","2023年","解除不要",""
"一致","SIMフリー","セイコーソリューションズ","SkyBridge MB-A200","不要","SkyBridge MB-A200","","2018年","解除不要",""
"一致","SIMフリー","VAIO","VAIO SX14 (VJS1411シリーズ)","不要","VAIO SX14（VJS1411シリーズ）","","2019年","解除不要",""
"一致","SIMフリー","VAIO","VAIO A12 (VJA1211シリーズ)","不要","VAIO A12（VJA1211シリーズ）","","2018年","解除不要",""
"一致","SIMフリー","VAIO","VAIO S13 (VJS132*シリーズ)","不要","VAIO S13（VJS132*シリーズ）","","2017年","解除不要",""
"一致","SIMフリー","VAIO","VAIO S11 (VJS112*シリーズ)","不要","VAIO S11（VJS112*シリーズ）","","2017年","解除不要",""
"一致","docomo","Apple","iPhone 18 Pro","不要","iPhone 18 Pro","","2026年9月","解除不要",""
"一致","docomo","Apple","iPhone 18 Pro Max","不要","iPhone 18 Pro Max","","2026年9月","解除不要",""
"一致","docomo","Apple","iPhone Duo","不要","iPhone Duo","","2026年9月","解除不要",""
"一致","docomo","Apple","iPhone 17 Pro","不要","iPhone 17 Pro","","2025年9月","解除不要",""
"一致","docomo","Apple","iPhone 17 Pro Max","不要","iPhone 17 Pro Max","","2025年9月","解除不要",""
"一致","docomo","Apple","iPhone Air","不要","iPhone Air","","2025年9月","解除不要",""
"一致","docomo","Apple","iPhone 17","不要","iPhone 17","","2025年9月","解除不要",""
"一致","docomo","Apple","iPhone 17e","不要","iPhone 17e","","2026年3月","解除不要",""
"一致","docomo","Apple","iPhone 16 Pro","不要","iPhone 16 Pro","","2024年9月","解除不要",""
"一致","docomo","Apple","iPhone 16 Pro Max","不要","iPhone 16 Pro Max","","2024年9月","解除不要",""
"一致","docomo","Apple","iPhone 16","不要","iPhone 16","","2024年9月","解除不要",""
"一致","docomo","Apple","iPhone 16 Plus","不要","iPhone 16 Plus","","2024年9月","解除不要",""
"一致","docomo","Apple","iPhone 16e","不要","iPhone 16e","","2025年2月","解除不要",""
"一致","docomo","Apple","iPhone 15 Pro","不要","iPhone 15 Pro","","2023年9月","解除不要",""
"一致","docomo","Apple","iPhone 15 Pro Max","不要","iPhone 15 Pro Max","","2023年9月","解除不要",""
"一致","docomo","Apple","iPhone 15","不要","iPhone 15","","2023年9月","解除不要",""
"一致","docomo","Apple","iPhone 15 Plus","不要","iPhone 15 Plus","","2023年9月","解除不要",""
"一致","docomo","Apple","iPhone 14 Pro","不要","iPhone 14 Pro","","2022年9月","解除不要",""
"一致","docomo","Apple","iPhone 14 Pro Max","不要","iPhone 14 Pro Max","","2022年9月","解除不要",""
"一致","docomo","Apple","iPhone 14","不要","iPhone 14","","2022年9月","解除不要",""
"一致","docomo","Apple","iPhone 14 Plus","不要","iPhone 14 Plus","","2022年10月","解除不要",""
"一致","docomo","Apple","iPhone SE (第3世代)","不要","iPhone SE（第3世代）","","2022年3月","解除不要",""
"一致","docomo","Apple","iPhone 13 Pro","不要","iPhone 13 Pro","","2021年9月","解除不要",""
"一致","docomo","Apple","iPhone 13 Pro Max","不要","iPhone 13 Pro Max","","2021年9月","解除不要",""
"一致","docomo","Apple","iPhone 13","不要","iPhone 13","","2021年9月","解除不要",""
"一致","docomo","Apple","iPhone 13 mini","不要","iPhone 13 mini","","2021年9月","解除不要",""
"一致","docomo","Apple","iPhone 12 Pro","要","iPhone 12 Pro","","2020年10月","要解除",""
"一致","docomo","Apple","iPhone 12 Pro Max","要","iPhone 12 Pro Max","","2020年11月","要解除",""
"一致","docomo","Apple","iPhone 12","要","iPhone 12","","2020年10月","要解除",""
"一致","docomo","Apple","iPhone 12 mini","要","iPhone 12 mini","","2020年11月","要解除",""
"一致","docomo","Apple","iPhone SE (第2世代)","要","iPhone SE（第2世代）","","2020年5月","要解除",""
"一致","docomo","Apple","iPhone 11 Pro","要","iPhone 11 Pro","","2019年9月","要解除",""
"一致","docomo","Apple","iPhone 11 Pro Max","要","iPhone 11 Pro Max","","2019年9月","要解除",""
"一致","docomo","Apple","iPhone 11","要","iPhone 11","","2019年9月","要解除",""
"一致","docomo","Apple","iPhone XR","要","iPhone XR","","2018年10月","要解除",""
"一致","docomo","Apple","iPhone XS","要","iPhone XS","","2018年9月","要解除",""
"一致","docomo","Apple","iPhone XS Max","要","iPhone XS Max","","2018年9月","要解除",""
"一致","docomo","Apple","iPhone X","要","iPhone X","","2017年11月","要解除",""
"一致","docomo","Apple","iPhone 8","要","iPhone 8","","2017年9月","要解除",""
"一致","docomo","Apple","iPhone 8 Plus","要","iPhone 8 Plus","","2017年9月","要解除",""
"一致","docomo","Apple","iPhone 7","要","iPhone 7","","2016年9月","要解除",""
"一致","docomo","Apple","iPhone 7 Plus","要","iPhone 7 Plus","","2016年9月","要解除",""
"一致","docomo","Apple","iPhone SE (第1世代)","要","iPhone SE（第1世代）","","2016年3月","要解除",""
"一致","docomo","Apple","iPhone 6s","要","iPhone 6s","","2015年9月","要解除",""
"一致","docomo","Apple","iPhone 6s Plus","要","iPhone 6s Plus","","2015年9月","要解除",""
"一致","docomo","Apple","11インチiPad Air (M4)","不要","11インチ iPad Air（M4）","","2026年","解除不要",""
"一致","docomo","Apple","13インチiPad Air (M4)","不要","13インチ iPad Air（M4）","","2026年","解除不要",""
"一致","docomo","Apple","11インチiPad Pro (M5)","不要","11インチ iPad Pro（M5）","","2025年10月","解除不要",""
"一致","docomo","Apple","13インチiPad Pro (M5)","不要","13インチ iPad Pro（M5）","","2025年10月","解除不要",""
"一致","docomo","Apple","11インチiPad Air（M3）","不要","11インチ iPad Air（M3）","","2025年3月","解除不要",""
"一致","docomo","Apple","13インチiPad Air（M3）","不要","13インチ iPad Air（M3）","","2025年3月","解除不要",""
"一致","docomo","Apple","11インチiPad（A16）","不要","11インチ iPad（A16）","","2025年3月","解除不要",""
"一致","docomo","Apple","iPad mini (A17 Pro)","不要","iPad mini（A17 Pro）","","2024年10月","解除不要",""
"一致","docomo","Apple","13インチiPad Pro (M4)","不要","13インチ iPad Pro（M4）","","2024年5月","解除不要",""
"一致","docomo","Apple","11インチiPad Pro (M4)","不要","11インチ iPad Pro（M4）","","2024年5月","解除不要",""
"一致","docomo","Apple","13インチiPad Air (M2)","不要","13インチ iPad Air（M2）","","2024年5月","解除不要",""
"一致","docomo","Apple","11インチiPad Air (M2)","不要","11インチ iPad Air（M2）","","2024年5月","解除不要",""
"一致","docomo","Apple","12.9インチiPad Pro（第6世代）","不要","12.9インチ iPad Pro（第6世代）","","2022年10月","解除不要",""
"一致","docomo","Apple","11インチiPad Pro（第4世代）","不要","11インチ iPad Pro（第4世代）","","2022年10月","解除不要",""
"一致","docomo","Apple","iPad（第10世代）","不要","iPad（第10世代）","","2022年10月","解除不要",""
"一致","docomo","Apple","iPad Air（第5世代）","不要","iPad Air（第5世代）","","2022年3月","解除不要",""
"一致","docomo","Apple","iPad（第9世代）","不要","iPad（第9世代）","","2021年9月","解除不要",""
"一致","docomo","Apple","iPad mini（第6世代）","不要","iPad mini（第6世代）","","2021年9月","解除不要",""
"一致","docomo","Apple","11インチ iPad Pro（第3世代）","要","11インチ iPad Pro（第3世代）","","2021年5月","要解除",""
"一致","docomo","Apple","12.9インチ iPad Pro（第5世代）","要","12.9インチ iPad Pro（第5世代）","","2021年5月","要解除",""
"一致","docomo","Apple","iPad Air（第4世代）","要","iPad Air（第4世代）","","2020年10月","要解除",""
"一致","docomo","Apple","iPad（第8世代）","要","iPad（第8世代）","","2020年9月","要解除",""
"一致","docomo","Apple","11インチ iPad Pro（第2世代）","要","11インチ iPad Pro（第2世代）","","2020年3月","要解除",""
"一致","docomo","Apple","12.9インチ iPad Pro（第4世代）","要","12.9インチ iPad Pro（第4世代）","","2020年3月","要解除",""
"一致","docomo","Apple","iPad（第7世代）","要","iPad（第7世代）","","2019年9月","要解除",""
"一致","docomo","Apple","iPad Air（第3世代）","要","iPad Air（第3世代）","","2019年3月","要解除",""
"一致","docomo","Apple","iPad mini（第5世代）","要","iPad mini（第5世代）","","2019年3月","要解除",""
"一致","docomo","Apple","11インチ iPad Pro（第1世代）","要","11インチ iPad Pro（第1世代）","","2018年11月","要解除",""
"一致","docomo","Apple","12.9インチ iPad Pro（第3世代）","要","12.9インチ iPad Pro（第3世代）","","2018年11月","要解除",""
"一致","docomo","Apple","iPad（第6世代）","要","iPad（第6世代）","","2018年3月","要解除",""
"一致","docomo","Apple","10.5インチ iPad Pro","要","10.5インチ iPad Pro","","2017年6月","要解除",""
"一致","docomo","Apple","12.9インチ iPad Pro（第2世代）","要","12.9インチ iPad Pro（第2世代）","","2017年6月","要解除",""
"一致","docomo","Apple","iPad（第5世代）","要","iPad（第5世代）","","2017年3月","要解除",""
"一致","docomo","Apple","9.7インチ iPad Pro","要","9.7インチ iPad Pro","","2016年3月","要解除",""
"一致","docomo","Apple","12.9インチiPad Pro（第1世代）","要","12.9インチ iPad Pro（第1世代）","","2015年11月","要解除",""
"一致","docomo","Apple","iPad mini 4","要","iPad mini 4","","2015年9月","要解除",""
"一致","docomo","FCNT","arrows We3","不要","arrows We3","","2026年6月","解除不要",""
"一致","docomo","FCNT","arrows Alpha F-51F","不要","arrows Alpha","F-51F","2025年8月","解除不要",""
"一致","docomo","FCNT","らくらくスマートフォン F-53E","不要","らくらくスマートフォン F-53E","F-53E","2025年1月","解除不要",""
"一致","docomo","FCNT","arrows We2 F-52E","不要","arrows We2","F-52E","2024年","解除不要",""
"一致","docomo","FCNT","arrows We2 Plus F-51E","不要","arrows We2 Plus","F-51E","2024年","解除不要",""
"一致","docomo","FCNT","らくらくスマートフォン F-52B","不要","らくらくスマートフォン F-52B","F-52B","2022年2月","解除不要",""
"一致","docomo","FCNT","arrows We F-51B","不要","arrows We","F-51B","2021年12月","解除不要",""
"一致","docomo","FCNT","arrows Be4 Plus F-41B","要","arrows Be4 Plus","F-41B","2021年","要解除",""
"一致","docomo","FCNT","arrows NX9 F-52A","要","arrows NX9","F-52A","2020年","要解除",""
"一致","docomo","FCNT","らくらくスマートフォン F-42A","要","らくらくスマートフォン","F-42A","2020年","要解除",""
"一致","docomo","FCNT","arrows 5G F-51A","要","arrows 5G","F-51A","2020年","要解除",""
"一致","docomo","FCNT","arrows Be4 F-41A","要","arrows Be4","F-41A","2020年","要解除",""
"一致","docomo","FCNT","らくらくホン F-01M","要","らくらくホン F-01M","F-01M","2019年10月","要解除",""
"一致","docomo","FCNT","arrows Be3 F-02L","要","arrows Be3","F-02L","2019年2月","要解除",""
"一致","docomo","FCNT","らくらくスマートフォンme F-01L","要","らくらくスマートフォン me","F-01L","2019年","要解除",""
"一致","docomo","FCNT","arrows Be F-04K","要","arrows Be","F-04K","2018年6月","要解除",""
"一致","docomo","FCNT","らくらくスマートフォン me F-03K","要","らくらくスマートフォン me F-03K","F-03K","2017年","要解除",""
"一致","docomo","FCNT","arrows NX F-01K","要","arrows NX F-01K","F-01K","2017年","要解除",""
"一致","docomo","FCNT","arrows Be F-05J","要","arrows Be F-05J","F-05J","2016年","要解除",""
"一致","docomo","Huawei","HUAWEI P30 Pro HW-02L","要","HUAWEI P30 Pro","HW-02L","2019年","要解除",""
"一致","docomo","Huawei","HUAWEI P20 Pro HW-01K","要","HUAWEI P20 Pro","HW-01K","2018年","要解除",""
"一致","docomo","KYOCERA","あんしんスマホ KY-51B","不要","あんしんスマホ KY-51B","KY-51B","2022年2月","解除不要",""
"一致","docomo","KYOCERA","カードケータイ KY-01L","要","カードケータイ","KY-01L","2018年11月","要解除",""
"一致","docomo","LG Electronics","LG VELVET L-52A","要","LG VELVET","L-52A","2020年10月","要解除",""
"一致","docomo","LG Electronics","LG style3 L-41A","要","LG style3","L-41A","2020年12月","要解除",""
"一致","docomo","LG Electronics","V60 ThinQ 5G L-51A","要","LG V60 ThinQ 5G","L-51A","2020年11月","要解除",""
"一致","docomo","LG Electronics","LG style2 L-01L","要","LG style2","L-01L","2019年","要解除",""
"一致","docomo","LG Electronics","LG style L-03K","要","LG style","L-03K","2018年","要解除",""
"一致","docomo","LG Electronics","Disney Mobile on docomo DM-01K","要","Disney Mobile on docomo","DM-01K","2017年","要解除",""
"一致","docomo","LG Electronics","V30+ L-01K","要","LG V30+","L-01K","2017年","要解除",""
"一致","docomo","SAMSUNG","Samsung Galaxy S26 Ultra SC-53G","不要","Galaxy S26 Ultra","SC-53G","2026年3月","解除不要",""
"一致","docomo","SAMSUNG","Samsung Galaxy S26+ SC-52G","不要","Galaxy S26+","SC-52G","2026年3月","解除不要",""
"一致","docomo","SAMSUNG","Samsung Galaxy S26 SC-51G","不要","Galaxy S26","SC-51G","2026年3月","解除不要",""
"一致","docomo","SAMSUNG","Samsung Galaxy Z Fold7 SC-56F","不要","Galaxy Z Fold7","SC-56F","2025年8月","解除不要",""
"一致","docomo","SAMSUNG","Samsung Galaxy Z Flip7 SC-55F","不要","Galaxy Z Flip7","SC-55F","2025年8月","解除不要",""
"一致","docomo","SAMSUNG","Samsung Galaxy A36 5G SC-54F","不要","Galaxy A36 5G","SC-54F","2025年6月","解除不要",""
"一致","docomo","SAMSUNG","Galaxy A25 5G SC-53F","不要","Galaxy A25 5G","SC-53F","2025年2月","解除不要",""
"一致","docomo","SAMSUNG","Galaxy S25 Ultra SC-52F","不要","Galaxy S25 Ultra","SC-52F","2025年2月","解除不要",""
"一致","docomo","SAMSUNG","Galaxy S25 SC-51F","不要","Galaxy S25","SC-51F","2025年2月","解除不要",""
"一致","docomo","SAMSUNG","Galaxy Z Fold6 SC-55E","不要","Galaxy Z Fold6","SC-55E","2024年7月","解除不要",""
"一致","docomo","SAMSUNG","Galaxy Z Flip6 SC-54E","不要","Galaxy Z Flip6","SC-54E","2024年7月","解除不要",""
"一致","docomo","SAMSUNG","Galaxy A55 5G SC-53E","不要","Galaxy A55 5G","SC-53E","2024年","解除不要",""
"一致","docomo","SAMSUNG","Galaxy S24 Ultra SC-52E","不要","Galaxy S24 Ultra","SC-52E","2024年4月","解除不要",""
"一致","docomo","SAMSUNG","Galaxy S24 SC-51E","不要","Galaxy S24","SC-51E","2024年4月","解除不要",""
"一致","docomo","SAMSUNG","Galaxy Z Fold5 SC-55D","不要","Galaxy Z Fold5","SC-55D","2023年9月","解除不要",""
"一致","docomo","SAMSUNG","Galaxy Z Flip5 SC-54D","不要","Galaxy Z Flip5","SC-54D","2023年9月","解除不要",""
"一致","docomo","SAMSUNG","Galaxy A54 5G SC-53D","不要","Galaxy A54 5G","SC-53D","2023年6月","解除不要",""
"一致","docomo","SAMSUNG","Galaxy S23 Ultra SC-52D","不要","Galaxy S23 Ultra","SC-52D","2023年2月","解除不要",""
"一致","docomo","SAMSUNG","Galaxy S23 SC-51D","不要","Galaxy S23","SC-51D","2023年2月","解除不要",""
"一致","docomo","SAMSUNG","Galaxy A23 5G SC-56C","不要","Galaxy A23 5G","SC-56C","2022年11月","解除不要",""
"一致","docomo","SAMSUNG","Galaxy Z Fold4 SC-55C","不要","Galaxy Z Fold4","SC-55C","2022年9月","解除不要",""
"一致","docomo","SAMSUNG","Galaxy Z Flip4 SC-54C","不要","Galaxy Z Flip4","SC-54C","2022年9月","解除不要",""
"一致","docomo","SAMSUNG","Galaxy A53 5G SC-53C","不要","Galaxy A53 5G","SC-53C","2022年5月","解除不要",""
"一致","docomo","SAMSUNG","Galaxy S22 Ultra SC-52C","不要","Galaxy S22 Ultra","SC-52C","2022年","解除不要",""
"一致","docomo","SAMSUNG","Galaxy S22 SC-51C","不要","Galaxy S22","SC-51C","2022年","解除不要",""
"一致","docomo","SAMSUNG","Galaxy A22 5G SC-56B","不要","Galaxy A22 5G","SC-56B","2021年12月","解除不要",""
"一致","docomo","SAMSUNG","Galaxy Z Fold3 5G SC-55B","不要","Galaxy Z Fold3 5G","SC-55B","2021年10月","解除不要",""
"一致","docomo","SAMSUNG","Galaxy Z Flip3 5G SC-54B","不要","Galaxy Z Flip3 5G","SC-54B","2021年10月","解除不要",""
"一致","docomo","SAMSUNG","Galaxy A52 5G SC-53B","要","Galaxy A52 5G","SC-53B","2021年6月","要解除",""
"一致","docomo","SAMSUNG","Galaxy S21 Ultra 5G SC-52B","要","Galaxy S21 Ultra 5G","SC-52B","2021年","要解除",""
"一致","docomo","SAMSUNG","Galaxy S21 5G SC-51B","要","Galaxy S21 5G","SC-51B","2021年4月","要解除",""
"一致","docomo","SAMSUNG","Galaxy Note20 Ultra 5G SC-53A","要","Galaxy Note20 Ultra 5G","SC-53A","2020年10月","要解除",""
"一致","docomo","SAMSUNG","Galaxy A51 5G SC-54A","要","Galaxy A51 5G","SC-54A","2020年12月","要解除",""
"一致","docomo","SAMSUNG","Galaxy A21 SC-42A","要","Galaxy A21","SC-42A","2020年","要解除",""
"一致","docomo","SAMSUNG","Galaxy A41 SC-41A","要","Galaxy A41","SC-41A","2020年","要解除",""
"一致","docomo","SAMSUNG","Galaxy S20+ 5G SC-52A","要","Galaxy S20+ 5G","SC-52A","2020年3月","要解除",""
"一致","docomo","SAMSUNG","Galaxy S20 5G SC-51A","要","Galaxy S20 5G","SC-51A","2020年3月","要解除",""
"一致","docomo","SAMSUNG","Galaxy A20 SC-02M","要","Galaxy A20","SC-02M","2019年","要解除",""
"一致","docomo","SAMSUNG","Galaxy Note10+ SC-01M","要","Galaxy Note10+","SC-01M","2019年","要解除",""
"一致","docomo","SAMSUNG","Galaxy S10+ Olympic Games Edition SC-05L","要","Galaxy S10+ Olympic Games Edition","SC-05L","2018年","要解除",""
"一致","docomo","SAMSUNG","Galaxy S10+ SC-04L","要","Galaxy S10+","SC-04L","2019年6月","要解除",""
"一致","docomo","SAMSUNG","Galaxy S10 SC-03L","要","Galaxy S10","SC-03L","2019年6月","要解除",""
"一致","docomo","SAMSUNG","Galaxy Feel2 SC-02L","要","Galaxy Feel2","SC-02L","2018年11月","要解除",""
"一致","docomo","SAMSUNG","Galaxy Note9 SC-01L","要","Galaxy Note9","SC-01L","2018年","要解除",""
"一致","docomo","SAMSUNG","Galaxy S9+ SC-03K","要","Galaxy S9+","SC-03K","2018年5月","要解除",""
"一致","docomo","SAMSUNG","Galaxy S9 SC-02K","要","Galaxy S9","SC-02K","2018年5月","要解除",""
"一致","docomo","SAMSUNG","Galaxy Note8 SC-01K","要","Galaxy Note8","SC-01K","2017年","要解除",""
"一致","docomo","SAMSUNG","Galaxy Feel SC-04J","要","Galaxy Feel","SC-04J","2017年5月","要解除",""
"一致","docomo","SAMSUNG","Galaxy S8+ SC-03J","要","Galaxy S8+","SC-03J","2017年6月","要解除",""
"一致","docomo","SAMSUNG","Galaxy S8 SC-02J","要","Galaxy S8","SC-02J","2017年5月","要解除",""
"一致","docomo","SHARP","AQUOS sense10 SH-53F","不要","AQUOS sense10","SH-53F","2025年11月","解除不要",""
"一致","docomo","SHARP","AQUOS R10 SH-51F","不要","AQUOS R10","SH-51F","2025年7月","解除不要",""
"一致","docomo","SHARP","AQUOS wish5 SH-52F","不要","AQUOS wish5","SH-52F","2025年6月","解除不要",""
"一致","docomo","SHARP","AQUOS R9 pro SH-54E","不要","AQUOS R9 pro","SH-54E","2024年","解除不要",""
"一致","docomo","SHARP","AQUOS sense9 SH-53E","不要","AQUOS sense9","SH-53E","2024年10月","解除不要",""
"一致","docomo","SHARP","AQUOS R9 SH-51E","不要","AQUOS R9","SH-51E","2024年","解除不要",""
"一致","docomo","SHARP","AQUOS wish4 SH-52E","不要","AQUOS wish4","SH-52E","2024年","解除不要",""
"一致","docomo","SHARP","AQUOS sense8 SH-54D","不要","AQUOS sense8","SH-54D","2023年11月","解除不要",""
"一致","docomo","SHARP","AQUOS wish3 SH-53D","不要","AQUOS wish3","SH-53D","2023年8月","解除不要",""
"一致","docomo","SHARP","AQUOS R8 SH-52D","不要","AQUOS R8","SH-52D","2023年6月","解除不要",""
"一致","docomo","SHARP","AQUOS R8 pro SH-51D","不要","AQUOS R8 pro","SH-51D","2023年6月","解除不要",""
"一致","docomo","SHARP","AQUOS sense7 SH-53C","不要","AQUOS sense7","SH-53C","2022年11月","解除不要",""
"一致","docomo","SHARP","AQUOS R7 SH-52C","不要","AQUOS R7","SH-52C","2022年6月","解除不要",""
"一致","docomo","SHARP","AQUOS wish2 SH-51C","不要","AQUOS wish2","SH-51C","2022年","解除不要",""
"相違","docomo","SHARP","AQUOS sense6 SH-54B","要","AQUOS sense6","SH-54B","2021年11月","解除不要","本ツールは各キャリア公式（発売時期・公式のロックあり機種一覧）で「ロックなし」。J:COMは「要」"
"一致","docomo","SHARP","AQUOS R6 SH-51B","要","AQUOS R6","SH-51B","2021年6月","要解除",""
"一致","docomo","SHARP","AQUOS sense5G SH-53A","要","AQUOS sense5G","SH-53A","2021年2月","要解除",""
"一致","docomo","SHARP","AQUOS sense4 SH-41A","要","AQUOS sense4","SH-41A","2020年11月","要解除",""
"一致","docomo","SHARP","AQUOS R5G SH-51A","要","AQUOS R5G","SH-51A","2020年3月","要解除",""
"一致","docomo","SHARP","AQUOS zero2 SH-01M","要","AQUOS zero2","SH-01M","2019年","要解除",""
"一致","docomo","SHARP","AQUOS sense3 SH-02M","要","AQUOS sense3","SH-02M","2019年","要解除",""
"一致","docomo","SHARP","AQUOS R3 SH-04L","要","AQUOS R3","SH-04L","2019年","要解除",""
"一致","docomo","SHARP","AQUOS sense2 SH-01L","要","AQUOS sense2","SH-01L","2018年","要解除",""
"一致","docomo","SHARP","AQUOS R2 SH-03K","要","AQUOS R2","SH-03K","2018年","要解除",""
"一致","docomo","SHARP","AQUOS sense SH-01K","要","AQUOS sense（初代）","SH-01K","2017年","要解除",""
"一致","docomo","SHARP","AQUOS R SH-03J","要","AQUOS R","SH-03J","2017年","要解除",""
"一致","docomo","Sony Corporation","Xperia 1 VIII","不要","Xperia 1 VIII","SO-51G","2026年6月","解除不要",""
"一致","docomo","Sony Corporation","Xperia 10 VII SO-52F","不要","Xperia 10 VII","SO-52F","2025年10月","解除不要",""
"一致","docomo","Sony Corporation","Xperia 1 VII SO-51F","不要","Xperia 1 VII","SO-51F","2025年6月","解除不要",""
"一致","docomo","Sony Corporation","Xperia 10 VI SO-52E","不要","Xperia 10 VI","SO-52E","2024年6月","解除不要",""
"一致","docomo","Sony Corporation","Xperia 1 VI SO-51E","不要","Xperia 1 VI","SO-51E","2024年6月","解除不要",""
"一致","docomo","Sony Corporation","Xperia 5 V SO-53D","不要","Xperia 5 V","SO-53D","2023年11月","解除不要",""
"一致","docomo","Sony Corporation","Xperia 10 V SO-52D","不要","Xperia 10 V","SO-52D","2023年7月","解除不要",""
"一致","docomo","Sony Corporation","Xperia 1 V SO-51D","不要","Xperia 1 V","SO-51D","2023年6月","解除不要",""
"一致","docomo","Sony Corporation","Xperia 5 IV SO-54C","不要","Xperia 5 IV","SO-54C","2022年10月","解除不要",""
"一致","docomo","Sony Corporation","Xperia 10 IV SO-52C","不要","Xperia 10 IV","SO-52C","2022年7月","解除不要",""
"一致","docomo","Sony Corporation","Xperia Ace III SO-53C","不要","Xperia Ace III","SO-53C","2022年6月","解除不要",""
"一致","docomo","Sony Corporation","Xperia 1 IV SO-51C","不要","Xperia 1 IV","SO-51C","2022年6月","解除不要",""
"一致","docomo","Sony Corporation","Xperia 5 III SO-53B","不要","Xperia 5 III","SO-53B","2021年11月","解除不要",""
"一致","docomo","Sony Corporation","Xperia 1 III SO-51B","要","Xperia 1 III","SO-51B","2021年7月","要解除",""
"一致","docomo","Sony Corporation","Xperia 10 III SO-52B","要","Xperia 10 III","SO-52B","2021年6月","要解除",""
"一致","docomo","Sony Corporation","Xperia Ace II SO-41B","要","Xperia Ace II","SO-41B","2021年6月","要解除",""
"一致","docomo","Sony Corporation","Xperia 5 II SO-52A","要","Xperia 5 II","SO-52A","2020年10月","要解除",""
"一致","docomo","Sony Corporation","Xperia 10 II SO-41A","要","Xperia 10 II","SO-41A","2020年","要解除",""
"一致","docomo","Sony Corporation","Xperia 1 II SO-51A","要","Xperia 1 II","SO-51A","2020年5月","要解除",""
"一致","docomo","Sony Corporation","Xperia 5 SO-01M","要","Xperia 5","SO-01M","2019年","要解除",""
"一致","docomo","Sony Corporation","Xperia 1 SO-03L","要","Xperia 1","SO-03L","2019年","要解除",""
"一致","docomo","Sony Corporation","Xperia Ace SO-02L","要","Xperia Ace","SO-02L","2019年6月","要解除",""
"一致","docomo","Sony Corporation","Xperia XZ3 SO-01L","要","Xperia XZ3","SO-01L","2018年","要解除",""
"一致","docomo","Sony Corporation","XperiaTM XZ2 Premium SO-04K","要","Xperia XZ2 Premium","SO-04K","2018年8月","要解除",""
"一致","docomo","Sony Corporation","XperiaTM XZ2 Compact SO-05K","要","Xperia XZ2 Compact","SO-05K","2018年7月","要解除",""
"一致","docomo","Sony Corporation","XperiaTM XZ2 SO-03K","要","Xperia XZ2","SO-03K","2018年5月","要解除",""
"一致","docomo","Sony Corporation","XperiaTM XZ1 Compact SO-02K","要","Xperia XZ1 Compact","SO-02K","2017年11月","要解除",""
"一致","docomo","Sony Corporation","XperiaTM XZ1 SO-01K","要","Xperia XZ1","SO-01K","2017年10月","要解除",""
"一致","docomo","Sony Corporation","XperiaTM XZ Premium SO-04J","要","Xperia XZ Premium","SO-04J","2017年","要解除",""
"一致","docomo","Sony Corporation","XperiaTM XZs SO-03J","要","Xperia XZs","SO-03J","2017年4月","要解除",""
"一致","docomo","ZTE Corporation","MONO MO-01K","要","MONO","MO-01K","2017年","要解除",""
"一致","docomo","Google","Google Pixel 11","不要","Pixel 11","","2026年8月","解除不要",""
"一致","docomo","Google","Google Pixel 11 Pro","不要","Pixel 11 Pro","","2026年8月","解除不要",""
"一致","docomo","Google","Google Pixel 11 Pro XL","不要","Pixel 11 Pro XL","","2026年8月","解除不要",""
"一致","docomo","Google","Google Pixel 11 Pro Fold","不要","Pixel 11 Pro Fold","","2026年8月","解除不要",""
"一致","docomo","Google","Google Pixel 10a","不要","Pixel 10a","","2026年3月","解除不要",""
"一致","docomo","Google","Google Pixel 10 Pro Fold","不要","Pixel 10 Pro Fold","","2025年10月","解除不要",""
"一致","docomo","Google","Google Pixel 10 Pro","不要","Pixel 10 Pro","","2025年8月","解除不要",""
"一致","docomo","Google","Google Pixel 10 Pro XL","不要","Pixel 10 Pro XL","","2025年8月","解除不要",""
"一致","docomo","Google","Google Pixel 10","不要","Pixel 10","","2025年8月","解除不要",""
"一致","docomo","Google","Google Pixel 9a","不要","Pixel 9a","","2025年4月","解除不要",""
"一致","docomo","Google","Google Pixel 9 Pro Fold","不要","Pixel 9 Pro Fold","","2024年9月","解除不要",""
"一致","docomo","Google","Google Pixel 9 Pro","不要","Pixel 9 Pro","","2024年9月","解除不要",""
"一致","docomo","Google","Google Pixel 9 Pro XL","不要","Pixel 9 Pro XL","","2024年9月","解除不要",""
"一致","docomo","Google","Google Pixel 9","不要","Pixel 9","","2024年8月","解除不要",""
"一致","docomo","Google","Google Pixel 8a","不要","Pixel 8a","","2024年5月","解除不要",""
"一致","docomo","Google","Google Pixel 8 Pro","不要","Pixel 8 Pro","","2023年10月","解除不要",""
"一致","docomo","Google","Google Pixel 8","不要","Pixel 8","","2023年10月","解除不要",""
"一致","docomo","Google","Google Pixel Fold","不要","Pixel Fold","","2023年7月","解除不要",""
"一致","docomo","Google","Google Pixel 7a","不要","Pixel 7a","","2023年5月","解除不要",""
"一致","docomo","Google","Google Pixel 3a","要","Pixel 3a","","2019年6月","要解除",""
"一致","docomo","Google","Google Pixel 3 XL","要","Pixel 3 XL","","2018年11月","要解除",""
"一致","docomo","Google","Google Pixel 3","要","Pixel 3","","2018年11月","要解除",""
"一致","docomo","Motorola","motorola razr 60d M-51F","不要","razr 60d","M-51F","2025年","解除不要",""
"一致","docomo","Motorola","motorola razr 50d M-51E","不要","razr 50d","M-51E","2024年","解除不要",""
"一致","au","Apple","iPhone 18 Pro","不要","iPhone 18 Pro","","2026年9月","解除不要",""
"一致","au","Apple","iPhone 18 Pro Max","不要","iPhone 18 Pro Max","","2026年9月","解除不要",""
"一致","au","Apple","iPhone Duo","不要","iPhone Duo","","2026年9月","解除不要",""
"一致","au","Apple","iPhone 17 Pro","不要","iPhone 17 Pro","","2025年9月","解除不要",""
"一致","au","Apple","iPhone 17 Pro Max","不要","iPhone 17 Pro Max","","2025年9月","解除不要",""
"一致","au","Apple","iPhone Air","不要","iPhone Air","","2025年9月","解除不要",""
"一致","au","Apple","iPhone 17","不要","iPhone 17","","2025年9月","解除不要",""
"一致","au","Apple","iPhone 17e","不要","iPhone 17e","","2026年3月","解除不要",""
"一致","au","Apple","iPhone 16 Pro","不要","iPhone 16 Pro","","2024年9月","解除不要",""
"一致","au","Apple","iPhone 16 Pro Max","不要","iPhone 16 Pro Max","","2024年9月","解除不要",""
"一致","au","Apple","iPhone 16","不要","iPhone 16","","2024年9月","解除不要",""
"一致","au","Apple","iPhone 16 Plus","不要","iPhone 16 Plus","","2024年9月","解除不要",""
"一致","au","Apple","iPhone 16e","不要","iPhone 16e","","2025年2月","解除不要",""
"一致","au","Apple","iPhone 15 Pro","不要","iPhone 15 Pro","","2023年9月","解除不要",""
"一致","au","Apple","iPhone 15 Pro Max","不要","iPhone 15 Pro Max","","2023年9月","解除不要",""
"一致","au","Apple","iPhone 15","不要","iPhone 15","","2023年9月","解除不要",""
"一致","au","Apple","iPhone 15 Plus","不要","iPhone 15 Plus","","2023年9月","解除不要",""
"一致","au","Apple","iPhone 14 Pro","不要","iPhone 14 Pro","","2022年9月","解除不要",""
"一致","au","Apple","iPhone 14 Pro Max","不要","iPhone 14 Pro Max","","2022年9月","解除不要",""
"一致","au","Apple","iPhone 14","不要","iPhone 14","","2022年9月","解除不要",""
"一致","au","Apple","iPhone 14 Plus","不要","iPhone 14 Plus","","2022年10月","解除不要",""
"一致","au","Apple","iPhone SE (第3世代)","不要","iPhone SE（第3世代）","","2022年3月","解除不要",""
"一致","au","Apple","iPhone 13 Pro","不要","iPhone 13 Pro","","2021年9月","解除不要",""
"一致","au","Apple","iPhone 13 Pro Max","不要","iPhone 13 Pro Max","","2021年9月","解除不要",""
"一致","au","Apple","iPhone 13","不要","iPhone 13","","2021年9月","解除不要",""
"一致","au","Apple","iPhone 13 mini","不要","iPhone 13 mini","","2021年9月","解除不要",""
"基準の違い","au","Apple","iPhone 12 Pro","不要","iPhone 12 Pro","","2020年10月","要確認（au側で順次解除中）","J:COM MOBILEはau回線のため、au端末は2017年夏より前の機種を除きロック解除なしで使える（J:COMの判定）。本ツールは他社回線（ドコモ・ソフトバンク系など）で使う場合の判定"
"基準の違い","au","Apple","iPhone 12 Pro Max","不要","iPhone 12 Pro Max","","2020年11月","要確認（au側で順次解除中）","J:COM MOBILEはau回線のため、au端末は2017年夏より前の機種を除きロック解除なしで使える（J:COMの判定）。本ツールは他社回線（ドコモ・ソフトバンク系など）で使う場合の判定"
"基準の違い","au","Apple","iPhone 12","不要","iPhone 12","","2020年10月","要確認（au側で順次解除中）","J:COM MOBILEはau回線のため、au端末は2017年夏より前の機種を除きロック解除なしで使える（J:COMの判定）。本ツールは他社回線（ドコモ・ソフトバンク系など）で使う場合の判定"
"基準の違い","au","Apple","iPhone 12 mini","不要","iPhone 12 mini","","2020年11月","要確認（au側で順次解除中）","J:COM MOBILEはau回線のため、au端末は2017年夏より前の機種を除きロック解除なしで使える（J:COMの判定）。本ツールは他社回線（ドコモ・ソフトバンク系など）で使う場合の判定"
"基準の違い","au","Apple","iPhone SE (第2世代)","不要","iPhone SE（第2世代）","","2020年5月","要確認（au側で順次解除中）","J:COM MOBILEはau回線のため、au端末は2017年夏より前の機種を除きロック解除なしで使える（J:COMの判定）。本ツールは他社回線（ドコモ・ソフトバンク系など）で使う場合の判定"
"基準の違い","au","Apple","iPhone 11 Pro","不要","iPhone 11 Pro","","2019年9月","要確認（au側で順次解除中）","J:COM MOBILEはau回線のため、au端末は2017年夏より前の機種を除きロック解除なしで使える（J:COMの判定）。本ツールは他社回線（ドコモ・ソフトバンク系など）で使う場合の判定"
"基準の違い","au","Apple","iPhone 11 Pro Max","不要","iPhone 11 Pro Max","","2019年9月","要確認（au側で順次解除中）","J:COM MOBILEはau回線のため、au端末は2017年夏より前の機種を除きロック解除なしで使える（J:COMの判定）。本ツールは他社回線（ドコモ・ソフトバンク系など）で使う場合の判定"
"基準の違い","au","Apple","iPhone 11","不要","iPhone 11","","2019年9月","要確認（au側で順次解除中）","J:COM MOBILEはau回線のため、au端末は2017年夏より前の機種を除きロック解除なしで使える（J:COMの判定）。本ツールは他社回線（ドコモ・ソフトバンク系など）で使う場合の判定"
"基準の違い","au","Apple","iPhone XR","不要","iPhone XR","","2018年10月","要確認（au側で順次解除中）","J:COM MOBILEはau回線のため、au端末は2017年夏より前の機種を除きロック解除なしで使える（J:COMの判定）。本ツールは他社回線（ドコモ・ソフトバンク系など）で使う場合の判定"
"基準の違い","au","Apple","iPhone XS","不要","iPhone XS","","2018年9月","要確認（au側で順次解除中）","J:COM MOBILEはau回線のため、au端末は2017年夏より前の機種を除きロック解除なしで使える（J:COMの判定）。本ツールは他社回線（ドコモ・ソフトバンク系など）で使う場合の判定"
"基準の違い","au","Apple","iPhone XS Max","不要","iPhone XS Max","","2018年9月","要確認（au側で順次解除中）","J:COM MOBILEはau回線のため、au端末は2017年夏より前の機種を除きロック解除なしで使える（J:COMの判定）。本ツールは他社回線（ドコモ・ソフトバンク系など）で使う場合の判定"
"基準の違い","au","Apple","iPhone X","不要","iPhone X","","2017年11月","要確認（au側で順次解除中）","J:COM MOBILEはau回線のため、au端末は2017年夏より前の機種を除きロック解除なしで使える（J:COMの判定）。本ツールは他社回線（ドコモ・ソフトバンク系など）で使う場合の判定"
"基準の違い","au","Apple","iPhone 8","不要","iPhone 8","","2017年9月","要確認（au側で順次解除中）","J:COM MOBILEはau回線のため、au端末は2017年夏より前の機種を除きロック解除なしで使える（J:COMの判定）。本ツールは他社回線（ドコモ・ソフトバンク系など）で使う場合の判定"
"基準の違い","au","Apple","iPhone 8 Plus","不要","iPhone 8 Plus","","2017年9月","要確認（au側で順次解除中）","J:COM MOBILEはau回線のため、au端末は2017年夏より前の機種を除きロック解除なしで使える（J:COMの判定）。本ツールは他社回線（ドコモ・ソフトバンク系など）で使う場合の判定"
"一致","au","Apple","iPhone 7","要","iPhone 7","","2016年9月","要確認（au側で順次解除中）",""
"一致","au","Apple","iPhone 7 Plus","要","iPhone 7 Plus","","2016年9月","要確認（au側で順次解除中）",""
"一致","au","Apple","iPhone SE (第1世代)","要","iPhone SE（第1世代）","","2016年3月","要確認（au側で順次解除中）",""
"一致","au","Apple","iPhone 6s","要","iPhone 6s","","2015年9月","要確認（au側で順次解除中）",""
"一致","au","Apple","iPhone 6s Plus","要","iPhone 6s Plus","","2015年9月","要確認（au側で順次解除中）",""
"一致","au","Apple","11インチiPad Air (M4)","不要","11インチ iPad Air（M4）","","2026年","解除不要",""
"一致","au","Apple","13インチiPad Air (M4)","不要","13インチ iPad Air（M4）","","2026年","解除不要",""
"一致","au","Apple","11インチiPad Pro (M5)","不要","11インチ iPad Pro（M5）","","2025年10月","解除不要",""
"一致","au","Apple","13インチiPad Pro (M5)","不要","13インチ iPad Pro（M5）","","2025年10月","解除不要",""
"一致","au","Apple","11インチiPad Air（M3）","不要","11インチ iPad Air（M3）","","2025年3月","解除不要",""
"一致","au","Apple","13インチiPad Air（M3）","不要","13インチ iPad Air（M3）","","2025年3月","解除不要",""
"一致","au","Apple","11インチiPad（A16）","不要","11インチ iPad（A16）","","2025年3月","解除不要",""
"一致","au","Apple","iPad mini (A17 Pro)","不要","iPad mini（A17 Pro）","","2024年10月","解除不要",""
"一致","au","Apple","13インチiPad Pro (M4)","不要","13インチ iPad Pro（M4）","","2024年5月","解除不要",""
"一致","au","Apple","11インチiPad Pro (M4)","不要","11インチ iPad Pro（M4）","","2024年5月","解除不要",""
"一致","au","Apple","13インチiPad Air (M2)","不要","13インチ iPad Air（M2）","","2024年5月","解除不要",""
"一致","au","Apple","11インチiPad Air (M2)","不要","11インチ iPad Air（M2）","","2024年5月","解除不要",""
"一致","au","Apple","12.9インチiPad Pro（第6世代）","不要","12.9インチ iPad Pro（第6世代）","","2022年10月","解除不要",""
"一致","au","Apple","11インチiPad Pro（第4世代）","不要","11インチ iPad Pro（第4世代）","","2022年10月","解除不要",""
"一致","au","Apple","iPad（第10世代）","不要","iPad（第10世代）","","2022年10月","解除不要",""
"一致","au","Apple","iPad Air（第5世代）","不要","iPad Air（第5世代）","","2022年3月","解除不要",""
"一致","au","Apple","iPad（第9世代）","不要","iPad（第9世代）","","2021年9月","解除不要",""
"一致","au","Apple","iPad mini（第6世代）","不要","iPad mini（第6世代）","","2021年9月","解除不要",""
"基準の違い","au","Apple","11インチ iPad Pro（第3世代）","不要","11インチ iPad Pro（第3世代）","","2021年5月","要確認（au側で順次解除中）","J:COM MOBILEはau回線のため、au端末は2017年夏より前の機種を除きロック解除なしで使える（J:COMの判定）。本ツールは他社回線（ドコモ・ソフトバンク系など）で使う場合の判定"
"基準の違い","au","Apple","12.9インチ iPad Pro（第5世代）","不要","12.9インチ iPad Pro（第5世代）","","2021年5月","要確認（au側で順次解除中）","J:COM MOBILEはau回線のため、au端末は2017年夏より前の機種を除きロック解除なしで使える（J:COMの判定）。本ツールは他社回線（ドコモ・ソフトバンク系など）で使う場合の判定"
"基準の違い","au","Apple","iPad Air（第4世代）","不要","iPad Air（第4世代）","","2020年10月","要確認（au側で順次解除中）","J:COM MOBILEはau回線のため、au端末は2017年夏より前の機種を除きロック解除なしで使える（J:COMの判定）。本ツールは他社回線（ドコモ・ソフトバンク系など）で使う場合の判定"
"基準の違い","au","Apple","iPad（第8世代）","不要","iPad（第8世代）","","2020年9月","要確認（au側で順次解除中）","J:COM MOBILEはau回線のため、au端末は2017年夏より前の機種を除きロック解除なしで使える（J:COMの判定）。本ツールは他社回線（ドコモ・ソフトバンク系など）で使う場合の判定"
"基準の違い","au","Apple","11インチ iPad Pro（第2世代）","不要","11インチ iPad Pro（第2世代）","","2020年3月","要確認（au側で順次解除中）","J:COM MOBILEはau回線のため、au端末は2017年夏より前の機種を除きロック解除なしで使える（J:COMの判定）。本ツールは他社回線（ドコモ・ソフトバンク系など）で使う場合の判定"
"基準の違い","au","Apple","12.9インチ iPad Pro（第4世代）","不要","12.9インチ iPad Pro（第4世代）","","2020年3月","要確認（au側で順次解除中）","J:COM MOBILEはau回線のため、au端末は2017年夏より前の機種を除きロック解除なしで使える（J:COMの判定）。本ツールは他社回線（ドコモ・ソフトバンク系など）で使う場合の判定"
"基準の違い","au","Apple","iPad（第7世代）","不要","iPad（第7世代）","","2019年9月","要確認（au側で順次解除中）","J:COM MOBILEはau回線のため、au端末は2017年夏より前の機種を除きロック解除なしで使える（J:COMの判定）。本ツールは他社回線（ドコモ・ソフトバンク系など）で使う場合の判定"
"基準の違い","au","Apple","iPad Air（第3世代）","不要","iPad Air（第3世代）","","2019年3月","要確認（au側で順次解除中）","J:COM MOBILEはau回線のため、au端末は2017年夏より前の機種を除きロック解除なしで使える（J:COMの判定）。本ツールは他社回線（ドコモ・ソフトバンク系など）で使う場合の判定"
"基準の違い","au","Apple","iPad mini（第5世代）","不要","iPad mini（第5世代）","","2019年3月","要確認（au側で順次解除中）","J:COM MOBILEはau回線のため、au端末は2017年夏より前の機種を除きロック解除なしで使える（J:COMの判定）。本ツールは他社回線（ドコモ・ソフトバンク系など）で使う場合の判定"
"基準の違い","au","Apple","11インチ iPad Pro（第1世代）","不要","11インチ iPad Pro（第1世代）","","2018年11月","要確認（au側で順次解除中）","J:COM MOBILEはau回線のため、au端末は2017年夏より前の機種を除きロック解除なしで使える（J:COMの判定）。本ツールは他社回線（ドコモ・ソフトバンク系など）で使う場合の判定"
"基準の違い","au","Apple","12.9インチ iPad Pro（第3世代）","不要","12.9インチ iPad Pro（第3世代）","","2018年11月","要確認（au側で順次解除中）","J:COM MOBILEはau回線のため、au端末は2017年夏より前の機種を除きロック解除なしで使える（J:COMの判定）。本ツールは他社回線（ドコモ・ソフトバンク系など）で使う場合の判定"
"基準の違い","au","Apple","iPad（第6世代）","不要","iPad（第6世代）","","2018年3月","要確認（au側で順次解除中）","J:COM MOBILEはau回線のため、au端末は2017年夏より前の機種を除きロック解除なしで使える（J:COMの判定）。本ツールは他社回線（ドコモ・ソフトバンク系など）で使う場合の判定"
"一致","au","Apple","10.5インチ iPad Pro","要","10.5インチ iPad Pro","","2017年6月","要確認（au側で順次解除中）",""
"一致","au","Apple","12.9インチ iPad Pro（第2世代）","要","12.9インチ iPad Pro（第2世代）","","2017年6月","要確認（au側で順次解除中）",""
"一致","au","Apple","iPad（第5世代）","要","iPad（第5世代）","","2017年3月","要確認（au側で順次解除中）",""
"一致","au","Apple","9.7インチ iPad Pro","要","9.7インチ iPad Pro","","2016年3月","要確認（au側で順次解除中）",""
"一致","au","Apple","12.9インチiPad Pro（第1世代）","要","12.9インチ iPad Pro（第1世代）","","2015年11月","要確認（au側で順次解除中）",""
"一致","au","Apple","iPad mini 4","要","iPad mini 4","","2015年9月","要確認（au側で順次解除中）",""
"一致","au","FCNT","arrows We3","不要","arrows We3","","2026年6月","解除不要",""
"一致","au","FCNT","arrows We2 FCG02","不要","arrows We2","FCG02","2024年","解除不要",""
"一致","au","FCNT","らくらくスマートフォン Lite","不要","らくらくスマートフォン Lite MR01","","2025年1月","解除不要",""
"一致","au","FCNT","arrows We FCG01","不要","arrows We","FCG01","2021年12月","解除不要",""
"基準の違い","au","Huawei","P30 lite Premium HWV33","不要","HUAWEI P30 lite Premium","HWV33","2019年","要確認（au側で順次解除中）","J:COM MOBILEはau回線のため、au端末は2017年夏より前の機種を除きロック解除なしで使える（J:COMの判定）。本ツールは他社回線（ドコモ・ソフトバンク系など）で使う場合の判定"
"基準の違い","au","Huawei","P20 lite HWV32","不要","HUAWEI P20 lite","HWV32","2018年","要確認（au側で順次解除中）","J:COM MOBILEはau回線のため、au端末は2017年夏より前の機種を除きロック解除なしで使える（J:COMの判定）。本ツールは他社回線（ドコモ・ソフトバンク系など）で使う場合の判定"
"基準の違い","au","Huawei","HUAWEI nova 2 HWV31","不要","HUAWEI nova 2","HWV31","2017年","要確認（au側で順次解除中）","J:COM MOBILEはau回線のため、au端末は2017年夏より前の機種を除きロック解除なしで使える（J:COMの判定）。本ツールは他社回線（ドコモ・ソフトバンク系など）で使う場合の判定"
"一致","au","KYOCERA","TORQUE G07","不要","TORQUE G07","","2026年3月","解除不要",""
"一致","au","KYOCERA","BASIO active3","不要","BASIO active3","KYG04","2025年4月","解除不要",""
"一致","au","KYOCERA","TORQUE G06 KYG03","不要","TORQUE G06","KYG03","2023年10月","解除不要",""
"一致","au","KYOCERA","TORQUE 5G KYG01","不要","TORQUE 5G","KYG01","2021年11月","解除不要",""
"基準の違い","au","KYOCERA","GRATINA KYV48","不要","GRATINA KYV48","KYV48","2020年","要確認（au側で順次解除中）","J:COM MOBILEはau回線のため、au端末は2017年夏より前の機種を除きロック解除なしで使える（J:COMの判定）。本ツールは他社回線（ドコモ・ソフトバンク系など）で使う場合の判定"
"基準の違い","au","KYOCERA","BASIO4 KYV47","不要","BASIO4","KYV47","2020年","要確認（au側で順次解除中）","J:COM MOBILEはau回線のため、au端末は2017年夏より前の機種を除きロック解除なしで使える（J:COMの判定）。本ツールは他社回線（ドコモ・ソフトバンク系など）で使う場合の判定"
"基準の違い","au","KYOCERA","TORQUE G04 KYV46","不要","TORQUE G04","KYV46","2020年","要確認（au側で順次解除中）","J:COM MOBILEはau回線のため、au端末は2017年夏より前の機種を除きロック解除なしで使える（J:COMの判定）。本ツールは他社回線（ドコモ・ソフトバンク系など）で使う場合の判定"
"基準の違い","au","KYOCERA","URBANO V04 KYV45","不要","URBANO V04","KYV45","—","要確認（au側で順次解除中）","J:COM MOBILEはau回線のため、au端末は2017年夏より前の機種を除きロック解除なしで使える（J:COMの判定）。本ツールは他社回線（ドコモ・ソフトバンク系など）で使う場合の判定"
"基準の違い","au","KYOCERA","Qua phone QZ KYV44","不要","Qua phone QZ","KYV44","—","要確認（au側で順次解除中）","J:COM MOBILEはau回線のため、au端末は2017年夏より前の機種を除きロック解除なしで使える（J:COMの判定）。本ツールは他社回線（ドコモ・ソフトバンク系など）で使う場合の判定"
"基準の違い","au","KYOCERA","BASIO3 KYV43","不要","BASIO3","KYV43","2018年","要確認（au側で順次解除中）","J:COM MOBILEはau回線のため、au端末は2017年夏より前の機種を除きロック解除なしで使える（J:COMの判定）。本ツールは他社回線（ドコモ・ソフトバンク系など）で使う場合の判定"
"一致","au","KYOCERA","Qua phone QX KYV42","要","Qua phone QX","KYV42","—","要確認（au側で順次解除中）",""
"一致","au","KYOCERA","TORQUE G03 KYV41","要","TORQUE G03","KYV41","2018年","要確認（au側で順次解除中）",""
"一致","au","KYOCERA","rafre KYV40","要","rafre","KYV40","—","要確認（au側で順次解除中）",""
"一致","au","KYOCERA","miraie f KYV39","要","miraie f","KYV39","—","要確認（au側で順次解除中）",""
"一致","au","KYOCERA","URBANO V03 KYV38","要","URBANO V03","KYV38","—","要確認（au側で順次解除中）",""
"一致","au","KYOCERA","Qua phone KYV37","要","Qua phone","KYV37","—","要確認（au側で順次解除中）",""
"一致","au","KYOCERA","DIGNO rafre KYV36","要","DIGNO rafre","KYV36","—","要確認（au側で順次解除中）",""
"一致","au","KYOCERA","TORQUE G02 KYV35","要","TORQUE G02","KYV35","—","要確認（au側で順次解除中）",""
"一致","au","KYOCERA","URBANO V02 KYV34","要","URBANO V02","KYV34","—","要確認（au側で順次解除中）",""
"一致","au","KYOCERA","GRATINA 4G KYF31","要","GRATINA 4G","KYF31","2016年2月","要確認（au側で順次解除中）",""
"基準の違い","au","LG Electronics","LG it LGV36","不要","LG it","LGV36","2018年","要確認（au側で順次解除中）","J:COM MOBILEはau回線のため、au端末は2017年夏より前の機種を除きロック解除なしで使える（J:COMの判定）。本ツールは他社回線（ドコモ・ソフトバンク系など）で使う場合の判定"
"基準の違い","au","LG Electronics","isai V30+ LGV35","不要","isai V30+","LGV35","2018年","要確認（au側で順次解除中）","J:COM MOBILEはau回線のため、au端末は2017年夏より前の機種を除きロック解除なしで使える（J:COMの判定）。本ツールは他社回線（ドコモ・ソフトバンク系など）で使う場合の判定"
"一致","au","LG Electronics","isai Beat LGV34","要","isai Beat","LGV34","2017年","要確認（au側で順次解除中）",""
"一致","au","LG Electronics","Qua phone PX LGV33","要","Qua phone PX","LGV33","2017年","要確認（au側で順次解除中）",""
"一致","au","LG Electronics","isai vivid LGV32","要","isai vivid","LGV32","2016年","要確認（au側で順次解除中）",""
"一致","au","OPPO","OPPO Reno13 A","不要","OPPO Reno13 A","","2025年6月","解除不要",""
"一致","au","OPPO","OPPO Find X9","不要","OPPO Find X9","","2025年10月","解除不要",""
"一致","au","OPPO","OPPO A5 5G","不要","OPPO A5 5G","","2025年","解除不要",""
"一致","au","OPPO","OPPO Reno7 A OPG04","不要","OPPO Reno7 A","OPG04","2022年6月","解除不要",""
"基準の違い","au","OPPO","OPPO Find X3 Pro OPG03","不要","OPPO Find X3 Pro","OPG03","2021年6月","要確認（au側で順次解除中）","J:COM MOBILEはau回線のため、au端末は2017年夏より前の機種を除きロック解除なしで使える（J:COMの判定）。本ツールは他社回線（ドコモ・ソフトバンク系など）で使う場合の判定"
"基準の違い","au","OPPO","OPPO A54 5G OPG02","不要","OPPO A54 5G","OPG02","2021年6月","要確認（au側で順次解除中）","J:COM MOBILEはau回線のため、au端末は2017年夏より前の機種を除きロック解除なしで使える（J:COMの判定）。本ツールは他社回線（ドコモ・ソフトバンク系など）で使う場合の判定"
"基準の違い","au","OPPO","OPPO Find X2 Pro OPG01","不要","OPPO Find X2 Pro","OPG01","2020年6月","要確認（au側で順次解除中）","J:COM MOBILEはau回線のため、au端末は2017年夏より前の機種を除きロック解除なしで使える（J:COMの判定）。本ツールは他社回線（ドコモ・ソフトバンク系など）で使う場合の判定"
"一致","au","SAMSUNG","Samsung Galaxy Z Flip8","不要","Galaxy Z Flip8","","2026年7月","解除不要",""
"一致","au","SAMSUNG","Samsung Galaxy Z Fold8","不要","Galaxy Z Fold8","","2026年7月","解除不要",""
"一致","au","SAMSUNG","Samsung Galaxy Z Fold8 Ultra","不要","Galaxy Z Fold8 Ultra","","2026年7月","解除不要",""
"一致","au","SAMSUNG","Samsung Galaxy S26 Ultra","不要","Galaxy S26 Ultra","","2026年3月","解除不要",""
"一致","au","SAMSUNG","Samsung Galaxy S26+","不要","Galaxy S26+","","2026年3月","解除不要",""
"一致","au","SAMSUNG","Samsung Galaxy S26","不要","Galaxy S26","","2026年3月","解除不要",""
"一致","au","SAMSUNG","Samsung Galaxy Z Flip7","不要","Galaxy Z Flip7","SCG35","2025年8月","解除不要",""
"一致","au","SAMSUNG","Samsung Galaxy Z Fold7","不要","Galaxy Z Fold7","SCG34","2025年8月","解除不要",""
"一致","au","SAMSUNG","Samsung Galaxy A25 5G","不要","Galaxy A25 5G","SCG33","2025年2月","解除不要",""
"一致","au","SAMSUNG","Samsung Galaxy S25 Ultra","不要","Galaxy S25 Ultra","SCG32","2025年2月","解除不要",""
"一致","au","SAMSUNG","Samsung Galaxy S25","不要","Galaxy S25","SCG31","2025年2月","解除不要",""
"一致","au","SAMSUNG","Galaxy S24 FE","不要","Galaxy S24 FE","","2024年12月","解除不要",""
"一致","au","SAMSUNG","Galaxy Z Fold6","不要","Galaxy Z Fold6","SCG28","2024年7月","解除不要",""
"一致","au","SAMSUNG","Galaxy Z Flip6","不要","Galaxy Z Flip6","SCG29","2024年7月","解除不要",""
"一致","au","SAMSUNG","Galaxy A55 5G","不要","Galaxy A55 5G","SCG27","2024年","解除不要",""
"一致","au","SAMSUNG","Galaxy S24 Ultra","不要","Galaxy S24 Ultra","SCG26","2024年4月","解除不要",""
"一致","au","SAMSUNG","Galaxy S24","不要","Galaxy S24","SCG25","2024年4月","解除不要",""
"一致","au","SAMSUNG","Galaxy S23 FE","不要","Galaxy S23 FE","","2024年","解除不要",""
"一致","au","SAMSUNG","Galaxy Z Flip5 SCG23","不要","Galaxy Z Flip5","SCG23","2023年9月","解除不要",""
"一致","au","SAMSUNG","Galaxy Z Fold5 SCG22","不要","Galaxy Z Fold5","SCG22","2023年9月","解除不要",""
"一致","au","SAMSUNG","Galaxy A54 5G SCG21","不要","Galaxy A54 5G","SCG21","2023年6月","解除不要",""
"一致","au","SAMSUNG","Galaxy S23 Ultra SCG20","不要","Galaxy S23 Ultra","SCG20","2023年2月","解除不要",""
"一致","au","SAMSUNG","Galaxy S23 SCG19","不要","Galaxy S23","SCG19","2023年2月","解除不要",""
"一致","au","SAMSUNG","Galaxy A23 5G SCG18","不要","Galaxy A23 5G","SCG18","2022年10月","解除不要",""
"一致","au","SAMSUNG","Galaxy Z Flip4 SCG17","不要","Galaxy Z Flip4","SCG17","2022年9月","解除不要",""
"一致","au","SAMSUNG","Galaxy Z Fold4 SCG16","不要","Galaxy Z Fold4","SCG16","2022年9月","解除不要",""
"一致","au","SAMSUNG","Galaxy A53 5G SCG15","不要","Galaxy A53 5G","SCG15","2022年5月","解除不要",""
"一致","au","SAMSUNG","Galaxy S22 Ultra SCG14","不要","Galaxy S22 Ultra","SCG14","2022年","解除不要",""
"一致","au","SAMSUNG","Galaxy S22 SCG13","不要","Galaxy S22","SCG13","2022年","解除不要",""
"一致","au","SAMSUNG","Galaxy Z Flip3 5G SCG12","不要","Galaxy Z Flip3 5G","SCG12","2021年10月","解除不要",""
"一致","au","SAMSUNG","Galaxy Z Fold3 5G SCG11","不要","Galaxy Z Fold3 5G","SCG11","2021年10月","解除不要",""
"基準の違い","au","SAMSUNG","Galaxy A21 シンプル SCV49","不要","Galaxy A21","SCV49","2020年","要確認（au側で順次解除中）","J:COM MOBILEはau回線のため、au端末は2017年夏より前の機種を除きロック解除なしで使える（J:COMの判定）。本ツールは他社回線（ドコモ・ソフトバンク系など）で使う場合の判定"
"基準の違い","au","SAMSUNG","Galaxy S21+ 5G SCG10","不要","Galaxy S21+ 5G","SCG10","—","要確認（au側で順次解除中）","J:COM MOBILEはau回線のため、au端末は2017年夏より前の機種を除きロック解除なしで使える（J:COMの判定）。本ツールは他社回線（ドコモ・ソフトバンク系など）で使う場合の判定"
"基準の違い","au","SAMSUNG","Galaxy S21 5G SCG09","不要","Galaxy S21 5G","SCG09","2021年4月","要確認（au側で順次解除中）","J:COM MOBILEはau回線のため、au端末は2017年夏より前の機種を除きロック解除なしで使える（J:COMの判定）。本ツールは他社回線（ドコモ・ソフトバンク系など）で使う場合の判定"
"基準の違い","au","SAMSUNG","Galaxy A32 5G SCG08","不要","Galaxy A32 5G","SCG08","2021年2月","要確認（au側で順次解除中）","J:COM MOBILEはau回線のため、au端末は2017年夏より前の機種を除きロック解除なしで使える（J:COMの判定）。本ツールは他社回線（ドコモ・ソフトバンク系など）で使う場合の判定"
"基準の違い","au","SAMSUNG","Galaxy A51 5G SCG07","不要","Galaxy A51 5G","SCG07","2020年12月","要確認（au側で順次解除中）","J:COM MOBILEはau回線のため、au端末は2017年夏より前の機種を除きロック解除なしで使える（J:COMの判定）。本ツールは他社回線（ドコモ・ソフトバンク系など）で使う場合の判定"
"基準の違い","au","SAMSUNG","Galaxy Z Fold2 5G SCG05","不要","Galaxy Z Fold2 5G","SCG05","—","要確認（au側で順次解除中）","J:COM MOBILEはau回線のため、au端末は2017年夏より前の機種を除きロック解除なしで使える（J:COMの判定）。本ツールは他社回線（ドコモ・ソフトバンク系など）で使う場合の判定"
"基準の違い","au","SAMSUNG","Galaxy Z Flip 5G SCG04","不要","Galaxy Z Flip 5G","SCG04","—","要確認（au側で順次解除中）","J:COM MOBILEはau回線のため、au端末は2017年夏より前の機種を除きロック解除なしで使える（J:COMの判定）。本ツールは他社回線（ドコモ・ソフトバンク系など）で使う場合の判定"
"基準の違い","au","SAMSUNG","Galaxy Note20 Ultra 5G SCG06","不要","Galaxy Note20 Ultra 5G","SCG06","2020年10月","要確認（au側で順次解除中）","J:COM MOBILEはau回線のため、au端末は2017年夏より前の機種を除きロック解除なしで使える（J:COMの判定）。本ツールは他社回線（ドコモ・ソフトバンク系など）で使う場合の判定"
"基準の違い","au","SAMSUNG","Galaxy A41 SCV48","不要","Galaxy A41","SCV48","2020年","要確認（au側で順次解除中）","J:COM MOBILEはau回線のため、au端末は2017年夏より前の機種を除きロック解除なしで使える（J:COMの判定）。本ツールは他社回線（ドコモ・ソフトバンク系など）で使う場合の判定"
"基準の違い","au","SAMSUNG","Galaxy S20 Ultra 5G SCG03","不要","Galaxy S20 Ultra 5G","SCG03","2020年5月","要確認（au側で順次解除中）","J:COM MOBILEはau回線のため、au端末は2017年夏より前の機種を除きロック解除なしで使える（J:COMの判定）。本ツールは他社回線（ドコモ・ソフトバンク系など）で使う場合の判定"
"基準の違い","au","SAMSUNG","Galaxy S20+ 5G SCG02","不要","Galaxy S20+ 5G","SCG02","2020年3月","要確認（au側で順次解除中）","J:COM MOBILEはau回線のため、au端末は2017年夏より前の機種を除きロック解除なしで使える（J:COMの判定）。本ツールは他社回線（ドコモ・ソフトバンク系など）で使う場合の判定"
"基準の違い","au","SAMSUNG","Galaxy S20 5G SCG01","不要","Galaxy S20 5G","SCG01","2020年3月","要確認（au側で順次解除中）","J:COM MOBILEはau回線のため、au端末は2017年夏より前の機種を除きロック解除なしで使える（J:COMの判定）。本ツールは他社回線（ドコモ・ソフトバンク系など）で使う場合の判定"
"基準の違い","au","SAMSUNG","Galaxy Z Flip SCV47","不要","Galaxy Z Flip","SCV47","—","要確認（au側で順次解除中）","J:COM MOBILEはau回線のため、au端末は2017年夏より前の機種を除きロック解除なしで使える（J:COMの判定）。本ツールは他社回線（ドコモ・ソフトバンク系など）で使う場合の判定"
"基準の違い","au","SAMSUNG","Galaxy A20 SCV46","不要","Galaxy A20","SCV46","2019年","要確認（au側で順次解除中）","J:COM MOBILEはau回線のため、au端末は2017年夏より前の機種を除きロック解除なしで使える（J:COMの判定）。本ツールは他社回線（ドコモ・ソフトバンク系など）で使う場合の判定"
"基準の違い","au","SAMSUNG","Galaxy Fold SCV44","不要","Galaxy Fold","SCV44","—","要確認（au側で順次解除中）","J:COM MOBILEはau回線のため、au端末は2017年夏より前の機種を除きロック解除なしで使える（J:COMの判定）。本ツールは他社回線（ドコモ・ソフトバンク系など）で使う場合の判定"
"基準の違い","au","SAMSUNG","Galaxy Note10+ SCV45","不要","Galaxy Note10+","SCV45","2019年","要確認（au側で順次解除中）","J:COM MOBILEはau回線のため、au端末は2017年夏より前の機種を除きロック解除なしで使える（J:COMの判定）。本ツールは他社回線（ドコモ・ソフトバンク系など）で使う場合の判定"
"基準の違い","au","SAMSUNG","Galaxy A30 SCV43","不要","Galaxy A30","SCV43","2019年","要確認（au側で順次解除中）","J:COM MOBILEはau回線のため、au端末は2017年夏より前の機種を除きロック解除なしで使える（J:COMの判定）。本ツールは他社回線（ドコモ・ソフトバンク系など）で使う場合の判定"
"基準の違い","au","SAMSUNG","Galaxy S10+ SCV42","不要","Galaxy S10+","SCV42","2019年6月","要確認（au側で順次解除中）","J:COM MOBILEはau回線のため、au端末は2017年夏より前の機種を除きロック解除なしで使える（J:COMの判定）。本ツールは他社回線（ドコモ・ソフトバンク系など）で使う場合の判定"
"基準の違い","au","SAMSUNG","Galaxy S10 SCV41","不要","Galaxy S10","SCV41","2019年6月","要確認（au側で順次解除中）","J:COM MOBILEはau回線のため、au端末は2017年夏より前の機種を除きロック解除なしで使える（J:COMの判定）。本ツールは他社回線（ドコモ・ソフトバンク系など）で使う場合の判定"
"基準の違い","au","SAMSUNG","Galaxy Note9 SCV40","不要","Galaxy Note9","SCV40","2018年","要確認（au側で順次解除中）","J:COM MOBILEはau回線のため、au端末は2017年夏より前の機種を除きロック解除なしで使える（J:COMの判定）。本ツールは他社回線（ドコモ・ソフトバンク系など）で使う場合の判定"
"基準の違い","au","SAMSUNG","Galaxy S9+ SCV39","不要","Galaxy S9+","SCV39","2018年5月","要確認（au側で順次解除中）","J:COM MOBILEはau回線のため、au端末は2017年夏より前の機種を除きロック解除なしで使える（J:COMの判定）。本ツールは他社回線（ドコモ・ソフトバンク系など）で使う場合の判定"
"基準の違い","au","SAMSUNG","Galaxy S9 SCV38","不要","Galaxy S9","SCV38","2018年5月","要確認（au側で順次解除中）","J:COM MOBILEはau回線のため、au端末は2017年夏より前の機種を除きロック解除なしで使える（J:COMの判定）。本ツールは他社回線（ドコモ・ソフトバンク系など）で使う場合の判定"
"基準の違い","au","SAMSUNG","Galaxy Note8 SCV37","不要","Galaxy Note8","SCV37","2017年","要確認（au側で順次解除中）","J:COM MOBILEはau回線のため、au端末は2017年夏より前の機種を除きロック解除なしで使える（J:COMの判定）。本ツールは他社回線（ドコモ・ソフトバンク系など）で使う場合の判定"
"一致","au","SAMSUNG","Galaxy S8 SCV36","要","Galaxy S8","SCV36","2017年5月","要確認（au側で順次解除中）",""
"一致","au","SAMSUNG","Galaxy S8+ SCV35","要","Galaxy S8+","SCV35","2017年6月","要確認（au側で順次解除中）",""
"一致","au","SAMSUNG","Galaxy S7 edge SCV33","要","Galaxy S7 edge","SCV33","2016年","要確認（au側で順次解除中）",""
"一致","au","SAMSUNG","Galaxy A8 SCV32","要","Galaxy A8","SCV32","—","要確認（au側で順次解除中）",""
"一致","au","SAMSUNG","Galaxy S6 edge SCV31","要","Galaxy S6 edge","SCV31","—","要確認（au側で順次解除中）",""
"一致","au","SAMSUNG","Galaxy Tab S9 FE+ 5G SCT22","不要","Galaxy Tab S9 FE+ 5G","SCT22","2023年10月","解除不要",""
"一致","au","SHARP","AQUOS sense10","不要","AQUOS sense10","SHG15","2025年11月","解除不要",""
"一致","au","SHARP","AQUOS sense9","不要","AQUOS sense9","SHG14","2024年","解除不要",""
"一致","au","SHARP","BASIO active2","不要","BASIO active2","SHG12","2024年4月","解除不要",""
"一致","au","SHARP","AQUOS sense8 SHG11","不要","AQUOS sense8","SHG11","2023年11月","解除不要",""
"一致","au","SHARP","AQUOS sense7 SHG10","不要","AQUOS sense7","SHG10","2022年11月","解除不要",""
"一致","au","SHARP","BASIO active SHG09","不要","BASIO active","SHG09","2022年9月","解除不要",""
"一致","au","SHARP","AQUOS wish2 SHG08","不要","AQUOS wish2","SHG08","2022年9月","解除不要",""
"一致","au","SHARP","AQUOS sense6s SHG07","不要","AQUOS sense6s","SHG07","2022年4月","解除不要",""
"一致","au","SHARP","AQUOS wish SHG06","不要","AQUOS wish","SHG06","2022年1月","解除不要",""
"一致","au","SHARP","AQUOS sense6 SHG05","不要","AQUOS sense6","SHG05","2021年11月","解除不要",""
"一致","au","SHARP","AQUOS zero6 SHG04","不要","AQUOS zero6","SHG04","2021年10月","解除不要",""
"基準の違い","au","SHARP","AQUOS sense5G SHG03","不要","AQUOS sense5G","SHG03","2021年2月","要確認（au側で順次解除中）","J:COM MOBILEはau回線のため、au端末は2017年夏より前の機種を除きロック解除なしで使える（J:COMの判定）。本ツールは他社回線（ドコモ・ソフトバンク系など）で使う場合の判定"
"基準の違い","au","SHARP","AQUOS zero5G basic DX SHG02","不要","AQUOS zero5G basic DX","SHG02","—","要確認（au側で順次解除中）","J:COM MOBILEはau回線のため、au端末は2017年夏より前の機種を除きロック解除なしで使える（J:COMの判定）。本ツールは他社回線（ドコモ・ソフトバンク系など）で使う場合の判定"
"基準の違い","au","SHARP","AQUOS sense3 basic SHV48","不要","AQUOS sense3 basic","SHV48","2020年6月","要確認（au側で順次解除中）","J:COM MOBILEはau回線のため、au端末は2017年夏より前の機種を除きロック解除なしで使える（J:COMの判定）。本ツールは他社回線（ドコモ・ソフトバンク系など）で使う場合の判定"
"基準の違い","au","SHARP","AQUOS R5G SHG01","不要","AQUOS R5G","SHG01","2020年3月","要確認（au側で順次解除中）","J:COM MOBILEはau回線のため、au端末は2017年夏より前の機種を除きロック解除なしで使える（J:COMの判定）。本ツールは他社回線（ドコモ・ソフトバンク系など）で使う場合の判定"
"基準の違い","au","SHARP","AQUOS zero2 SHV47","不要","AQUOS zero2","SHV47","2019年","要確認（au側で順次解除中）","J:COM MOBILEはau回線のため、au端末は2017年夏より前の機種を除きロック解除なしで使える（J:COMの判定）。本ツールは他社回線（ドコモ・ソフトバンク系など）で使う場合の判定"
"基準の違い","au","SHARP","AQUOS sense3 SHV45","不要","AQUOS sense3","SHV45","2019年","要確認（au側で順次解除中）","J:COM MOBILEはau回線のため、au端末は2017年夏より前の機種を除きロック解除なしで使える（J:COMの判定）。本ツールは他社回線（ドコモ・ソフトバンク系など）で使う場合の判定"
"基準の違い","au","SHARP","AQUOS sense3 plus サウンド SHV46","不要","AQUOS sense3 plus サウンド","SHV46","—","要確認（au側で順次解除中）","J:COM MOBILEはau回線のため、au端末は2017年夏より前の機種を除きロック解除なしで使える（J:COMの判定）。本ツールは他社回線（ドコモ・ソフトバンク系など）で使う場合の判定"
"基準の違い","au","SHARP","AQUOS sense2 かんたん SHV43","不要","AQUOS sense2","SHV43","2018年","要確認（au側で順次解除中）","J:COM MOBILEはau回線のため、au端末は2017年夏より前の機種を除きロック解除なしで使える（J:COMの判定）。本ツールは他社回線（ドコモ・ソフトバンク系など）で使う場合の判定"
"基準の違い","au","SHARP","AQUOS R3 SHV44","不要","AQUOS R3","SHV44","2019年","要確認（au側で順次解除中）","J:COM MOBILEはau回線のため、au端末は2017年夏より前の機種を除きロック解除なしで使える（J:COMの判定）。本ツールは他社回線（ドコモ・ソフトバンク系など）で使う場合の判定"
"基準の違い","au","SHARP","AQUOS sense2 SHV43","不要","AQUOS sense2","SHV43","2018年","要確認（au側で順次解除中）","J:COM MOBILEはau回線のため、au端末は2017年夏より前の機種を除きロック解除なしで使える（J:COMの判定）。本ツールは他社回線（ドコモ・ソフトバンク系など）で使う場合の判定"
"基準の違い","au","SHARP","AQUOS R2 SHV42","不要","AQUOS R2","SHV42","2018年","要確認（au側で順次解除中）","J:COM MOBILEはau回線のため、au端末は2017年夏より前の機種を除きロック解除なしで使える（J:COMの判定）。本ツールは他社回線（ドコモ・ソフトバンク系など）で使う場合の判定"
"基準の違い","au","SHARP","AQUOS R compact SHV41","不要","AQUOS R compact","SHV41","—","要確認（au側で順次解除中）","J:COM MOBILEはau回線のため、au端末は2017年夏より前の機種を除きロック解除なしで使える（J:COMの判定）。本ツールは他社回線（ドコモ・ソフトバンク系など）で使う場合の判定"
"基準の違い","au","SHARP","AQUOS sense SHV40","不要","AQUOS sense（初代）","SHV40","2018年","要確認（au側で順次解除中）","J:COM MOBILEはau回線のため、au端末は2017年夏より前の機種を除きロック解除なしで使える（J:COMの判定）。本ツールは他社回線（ドコモ・ソフトバンク系など）で使う場合の判定"
"一致","au","SHARP","AQUOS R SHV39","要","AQUOS R","SHV39","2017年","要確認（au側で順次解除中）",""
"一致","au","SHARP","AQUOS SERIE mini SHV38","要","AQUOS SERIE mini SHV38","SHV38","—","要確認（au側で順次解除中）",""
"一致","au","SHARP","AQUOS U SHV37","要","AQUOS U SHV37","SHV37","—","要確認（au側で順次解除中）",""
"一致","au","SHARP","BASIO2 SHV36","要","BASIO2","SHV36","2017年","要確認（au側で順次解除中）",""
"一致","au","SHARP","AQUOS U SHV35","要","AQUOS U SHV35","SHV35","—","要確認（au側で順次解除中）",""
"一致","au","SHARP","AQUOS SERIE SHV34","要","AQUOS SERIE SHV34","SHV34","—","要確認（au側で順次解除中）",""
"一致","au","SHARP","AQUOS SERIE mini SHV33","要","AQUOS SERIE mini SHV33","SHV33","—","要確認（au側で順次解除中）",""
"一致","au","SHARP","AQUOS SERIE SHV32","要","AQUOS ZETA","SHV32","2015年","要確認（au側で順次解除中）",""
"一致","au","SHARP","AQUOS K SHF33","要","AQUOS K SHF33","SHF33","2016年7月","要確認（au側で順次解除中）",""
"一致","au","SHARP","AQUOS K SHF32","要","AQUOS K SHF32","SHF32","2015年","要確認（au側で順次解除中）",""
"一致","au","Sony Corporation","Xperia 1 VIII","不要","Xperia 1 VIII","","2026年6月","解除不要",""
"一致","au","Sony Corporation","Xperia 10 VII","不要","Xperia 10 VII","SOG16","2025年10月","解除不要",""
"一致","au","Sony Corporation","Xperia 1 VII","不要","Xperia 1 VII","SOG15","2025年6月","解除不要",""
"一致","au","Sony Corporation","Xperia 10 VI","不要","Xperia 10 VI","SOG14","2024年6月","解除不要",""
"一致","au","Sony Corporation","Xperia 1 VI","不要","Xperia 1 VI","SOG13","2024年6月","解除不要",""
"一致","au","Sony Corporation","Xperia 5 V SOG12","不要","Xperia 5 V","SOG12","2023年11月","解除不要",""
"一致","au","Sony Corporation","Xperia 10 V SOG11","不要","Xperia 10 V","SOG11","2023年7月","解除不要",""
"一致","au","Sony Corporation","Xperia 1 V SOG10","不要","Xperia 1 V","SOG10","2023年6月","解除不要",""
"一致","au","Sony Corporation","Xperia 5 IV SOG09","不要","Xperia 5 IV","SOG09","2022年10月","解除不要",""
"一致","au","Sony Corporation","Xperia 10 IV SOG07","不要","Xperia 10 IV","SOG07","2022年7月","解除不要",""
"一致","au","Sony Corporation","Xperia Ace III SOG08","不要","Xperia Ace III","SOG08","2022年6月","解除不要",""
"一致","au","Sony Corporation","Xperia 1 IV SOG06","不要","Xperia 1 IV","SOG06","2022年6月","解除不要",""
"一致","au","Sony Corporation","Xperia 5 III SOG05","不要","Xperia 5 III","SOG05","2021年11月","解除不要",""
"基準の違い","au","Sony Corporation","Xperia 1 III SOG03","不要","Xperia 1 III","SOG03","2021年7月","要確認（au側で順次解除中）","J:COM MOBILEはau回線のため、au端末は2017年夏より前の機種を除きロック解除なしで使える（J:COMの判定）。本ツールは他社回線（ドコモ・ソフトバンク系など）で使う場合の判定"
"基準の違い","au","Sony Corporation","Xperia 10 III SOG04","不要","Xperia 10 III","SOG04","2021年6月","要確認（au側で順次解除中）","J:COM MOBILEはau回線のため、au端末は2017年夏より前の機種を除きロック解除なしで使える（J:COMの判定）。本ツールは他社回線（ドコモ・ソフトバンク系など）で使う場合の判定"
"基準の違い","au","Sony Corporation","Xperia 5 II SOG02","不要","Xperia 5 II","SOG02","2020年10月","要確認（au側で順次解除中）","J:COM MOBILEはau回線のため、au端末は2017年夏より前の機種を除きロック解除なしで使える（J:COMの判定）。本ツールは他社回線（ドコモ・ソフトバンク系など）で使う場合の判定"
"基準の違い","au","Sony Corporation","Xperia 10 II SOV43","不要","Xperia 10 II","SOV43","2020年","要確認（au側で順次解除中）","J:COM MOBILEはau回線のため、au端末は2017年夏より前の機種を除きロック解除なしで使える（J:COMの判定）。本ツールは他社回線（ドコモ・ソフトバンク系など）で使う場合の判定"
"基準の違い","au","Sony Corporation","Xperia 1 II SOG01","不要","Xperia 1 II","SOG01","2020年5月","要確認（au側で順次解除中）","J:COM MOBILEはau回線のため、au端末は2017年夏より前の機種を除きロック解除なしで使える（J:COMの判定）。本ツールは他社回線（ドコモ・ソフトバンク系など）で使う場合の判定"
"基準の違い","au","Sony Corporation","Xperia 8 SOV42","不要","Xperia 8","SOV42","2019年","要確認（au側で順次解除中）","J:COM MOBILEはau回線のため、au端末は2017年夏より前の機種を除きロック解除なしで使える（J:COMの判定）。本ツールは他社回線（ドコモ・ソフトバンク系など）で使う場合の判定"
"基準の違い","au","Sony Corporation","Xperia 5 SOV41","不要","Xperia 5","SOV41","2019年","要確認（au側で順次解除中）","J:COM MOBILEはau回線のため、au端末は2017年夏より前の機種を除きロック解除なしで使える（J:COMの判定）。本ツールは他社回線（ドコモ・ソフトバンク系など）で使う場合の判定"
"基準の違い","au","Sony Corporation","Xperia 1 SOV40","不要","Xperia 1","SOV40","2019年","要確認（au側で順次解除中）","J:COM MOBILEはau回線のため、au端末は2017年夏より前の機種を除きロック解除なしで使える（J:COMの判定）。本ツールは他社回線（ドコモ・ソフトバンク系など）で使う場合の判定"
"基準の違い","au","Sony Corporation","Xperia XZ3 SOV39","不要","Xperia XZ3","SOV39","2018年","要確認（au側で順次解除中）","J:COM MOBILEはau回線のため、au端末は2017年夏より前の機種を除きロック解除なしで使える（J:COMの判定）。本ツールは他社回線（ドコモ・ソフトバンク系など）で使う場合の判定"
"基準の違い","au","Sony Corporation","Xperia XZ2 Premium SOV38","不要","Xperia XZ2 Premium","SOV38","2018年8月","要確認（au側で順次解除中）","J:COM MOBILEはau回線のため、au端末は2017年夏より前の機種を除きロック解除なしで使える（J:COMの判定）。本ツールは他社回線（ドコモ・ソフトバンク系など）で使う場合の判定"
"基準の違い","au","Sony Corporation","Xperia XZ2 SOV37","不要","Xperia XZ2","SOV37","2018年5月","要確認（au側で順次解除中）","J:COM MOBILEはau回線のため、au端末は2017年夏より前の機種を除きロック解除なしで使える（J:COMの判定）。本ツールは他社回線（ドコモ・ソフトバンク系など）で使う場合の判定"
"基準の違い","au","Sony Corporation","Xperia XZ1 SOV36","不要","Xperia XZ1","SOV36","2017年10月","要確認（au側で順次解除中）","J:COM MOBILEはau回線のため、au端末は2017年夏より前の機種を除きロック解除なしで使える（J:COMの判定）。本ツールは他社回線（ドコモ・ソフトバンク系など）で使う場合の判定"
"一致","au","Sony Corporation","Xperia XZs SOV35","要","Xperia XZs","SOV35","2017年4月","要確認（au側で順次解除中）",""
"一致","au","Sony Corporation","Xperia XZ SOV34","要","Xperia XZ","SOV34","2016年11月","要確認（au側で順次解除中）",""
"一致","au","Sony Corporation","Xperia X Performance SOV33","要","Xperia X Performance","SOV33","2016年5月","要確認（au側で順次解除中）",""
"一致","au","Sony Corporation","Xperia Z5 SOV32","要","Xperia Z5","SOV32","2015年","要確認（au側で順次解除中）",""
"一致","au","Sony Corporation","Xperia Z4 SOV31","要","Xperia Z4","SOV31","2015年","要確認（au側で順次解除中）",""
"一致","au","Xiaomi","Xiaomi 14T","不要","Xiaomi 14T","","2024年12月","解除不要",""
"一致","au","Xiaomi","Redmi Note 13 Pro 5G","不要","Redmi Note 13 Pro 5G","","2024年","解除不要",""
"一致","au","Xiaomi","Xiaomi 13T XIG04","不要","Xiaomi 13T","XIG04","2023年12月","解除不要",""
"一致","au","Xiaomi","Redmi 12 5G XIG03","不要","Redmi 12 5G","XIG03","2023年10月","解除不要",""
"一致","au","Xiaomi","Redmi Note 10 JE XIG02","不要","Redmi Note 10 JE","XIG02","2021年8月","解除不要",""
"基準の違い","au","Xiaomi","Mi 10 Lite 5G XIG01","不要","Mi 11 Lite 5G","XIG01","2021年6月","要確認（au側で順次解除中）","J:COM MOBILEはau回線のため、au端末は2017年夏より前の機種を除きロック解除なしで使える（J:COMの判定）。本ツールは他社回線（ドコモ・ソフトバンク系など）で使う場合の判定"
"基準の違い","au","ZTE Corporation","ZTE a1 ZTG01","不要","ZTE a1","ZTG01","2020年8月","要確認（au側で順次解除中）","J:COM MOBILEはau回線のため、au端末は2017年夏より前の機種を除きロック解除なしで使える（J:COMの判定）。本ツールは他社回線（ドコモ・ソフトバンク系など）で使う場合の判定"
"一致","au","Google","Google Pixel 11","不要","Pixel 11","","2026年8月","解除不要",""
"一致","au","Google","Google Pixel 11 Pro","不要","Pixel 11 Pro","","2026年8月","解除不要",""
"一致","au","Google","Google Pixel 11 Pro XL","不要","Pixel 11 Pro XL","","2026年8月","解除不要",""
"一致","au","Google","Google Pixel 11 Pro Fold","不要","Pixel 11 Pro Fold","","2026年8月","解除不要",""
"一致","au","Google","Google Pixel 10a","不要","Pixel 10a","","2026年3月","解除不要",""
"一致","au","Google","Google Pixel 10 Pro Fold","不要","Pixel 10 Pro Fold","","2025年10月","解除不要",""
"一致","au","Google","Google Pixel 10 Pro","不要","Pixel 10 Pro","","2025年8月","解除不要",""
"一致","au","Google","Google Pixel 10 Pro XL","不要","Pixel 10 Pro XL","","2025年8月","解除不要",""
"一致","au","Google","Google Pixel 10","不要","Pixel 10","","2025年8月","解除不要",""
"一致","au","Google","Google Pixel 9a","不要","Pixel 9a","","2025年4月","解除不要",""
"一致","au","Google","Google Pixel 9 Pro Fold","不要","Pixel 9 Pro Fold","","2024年9月","解除不要",""
"一致","au","Google","Google Pixel 9 Pro","不要","Pixel 9 Pro","","2024年9月","解除不要",""
"一致","au","Google","Google Pixel 9 Pro XL","不要","Pixel 9 Pro XL","","2024年9月","解除不要",""
"一致","au","Google","Google Pixel 9","不要","Pixel 9","","2024年8月","解除不要",""
"一致","au","Google","Google Pixel 8a","不要","Pixel 8a","","2024年5月","解除不要",""
"一致","au","Google","Google Pixel 8 Pro","不要","Pixel 8 Pro","","2023年10月","解除不要",""
"一致","au","Google","Google Pixel 8","不要","Pixel 8","","2023年10月","解除不要",""
"一致","au","Google","Google Pixel Fold","不要","Pixel Fold","","2023年7月","解除不要",""
"一致","au","Google","Google Pixel 7a","不要","Pixel 7a","","2023年5月","解除不要",""
"一致","au","Google","Google Pixel 7 Pro","不要","Pixel 7 Pro","","2022年10月","解除不要",""
"一致","au","Google","Google Pixel 7","不要","Pixel 7","","2022年10月","解除不要",""
"一致","au","Google","Google Pixel 6a","不要","Pixel 6a","","2022年7月","解除不要",""
"一致","au","Google","Google Pixel 6","不要","Pixel 6","","2021年10月","解除不要",""
"基準の違い","au","Google","Google Pixel 5","不要","Pixel 5","","2020年10月","要確認（au側で順次解除中）","J:COM MOBILEはau回線のため、au端末は2017年夏より前の機種を除きロック解除なしで使える（J:COMの判定）。本ツールは他社回線（ドコモ・ソフトバンク系など）で使う場合の判定"
"一致","au","Motorola","motorola razr 60 ultra","不要","razr 60 ultra","","2025年","解除不要",""
"一致","au","HTC","HTC U11 HTV33","要","HTC U11","HTV33","2017年","要確認（au側で順次解除中）",""
"一致","au","HTC","HTC 10 HTV32","要","HTC 10","HTV32","2016年","要確認（au側で順次解除中）",""
"一致","au","HTC","HTC J butterfly HTV31","要","HTC J butterfly","HTV31","2015年","要確認（au側で順次解除中）",""
"一致","au","Lenovo","Lenovo Tab M10a 5G LET02","不要","Lenovo Tab M10a 5G","LET02","2024年2月","解除不要",""
"一致","au","Lenovo","Lenovo Tab P11 5G LET01","不要","Lenovo Tab P11 5G","LET01","2022年12月","解除不要",""
"一致","SoftBank","Apple","iPhone 18 Pro","不要","iPhone 18 Pro","","2026年9月","解除不要",""
"一致","SoftBank","Apple","iPhone 18 Pro Max","不要","iPhone 18 Pro Max","","2026年9月","解除不要",""
"一致","SoftBank","Apple","iPhone Duo","不要","iPhone Duo","","2026年9月","解除不要",""
"一致","SoftBank","Apple","iPhone 17 Pro","不要","iPhone 17 Pro","","2025年9月","解除不要",""
"一致","SoftBank","Apple","iPhone 17 Pro Max","不要","iPhone 17 Pro Max","","2025年9月","解除不要",""
"一致","SoftBank","Apple","iPhone Air","不要","iPhone Air","","2025年9月","解除不要",""
"一致","SoftBank","Apple","iPhone 17","不要","iPhone 17","","2025年9月","解除不要",""
"一致","SoftBank","Apple","iPhone 17e","不要","iPhone 17e","","2026年3月","解除不要",""
"一致","SoftBank","Apple","iPhone 16 Pro","不要","iPhone 16 Pro","","2024年9月","解除不要",""
"一致","SoftBank","Apple","iPhone 16 Pro Max","不要","iPhone 16 Pro Max","","2024年9月","解除不要",""
"一致","SoftBank","Apple","iPhone 16","不要","iPhone 16","","2024年9月","解除不要",""
"一致","SoftBank","Apple","iPhone 16 Plus","不要","iPhone 16 Plus","","2024年9月","解除不要",""
"一致","SoftBank","Apple","iPhone 16e","不要","iPhone 16e","","2025年2月","解除不要",""
"一致","SoftBank","Apple","iPhone 15 Pro","不要","iPhone 15 Pro","","2023年9月","解除不要",""
"一致","SoftBank","Apple","iPhone 15 Pro Max","不要","iPhone 15 Pro Max","","2023年9月","解除不要",""
"一致","SoftBank","Apple","iPhone 15","不要","iPhone 15","","2023年9月","解除不要",""
"一致","SoftBank","Apple","iPhone 15 Plus","不要","iPhone 15 Plus","","2023年9月","解除不要",""
"一致","SoftBank","Apple","iPhone 14 Pro","不要","iPhone 14 Pro","","2022年9月","解除不要",""
"一致","SoftBank","Apple","iPhone 14 Pro Max","不要","iPhone 14 Pro Max","","2022年9月","解除不要",""
"一致","SoftBank","Apple","iPhone 14","不要","iPhone 14","","2022年9月","解除不要",""
"一致","SoftBank","Apple","iPhone 14 Plus","不要","iPhone 14 Plus","","2022年10月","解除不要",""
"一致","SoftBank","Apple","iPhone SE (第3世代)","不要","iPhone SE（第3世代）","","2022年3月","解除不要",""
"一致","SoftBank","Apple","iPhone 13 Pro","不要","iPhone 13 Pro","","2021年9月","解除不要",""
"一致","SoftBank","Apple","iPhone 13 Pro Max","不要","iPhone 13 Pro Max","","2021年9月","解除不要",""
"一致","SoftBank","Apple","iPhone 13","不要","iPhone 13","","2021年9月","解除不要",""
"一致","SoftBank","Apple","iPhone 13 mini","不要","iPhone 13 mini","","2021年9月","解除不要",""
"一致","SoftBank","Apple","iPhone 12 Pro","要","iPhone 12 Pro","","2020年10月","購入日で判定",""
"一致","SoftBank","Apple","iPhone 12 Pro Max","要","iPhone 12 Pro Max","","2020年11月","購入日で判定",""
"一致","SoftBank","Apple","iPhone 12","要","iPhone 12","","2020年10月","購入日で判定",""
"一致","SoftBank","Apple","iPhone 12 mini","要","iPhone 12 mini","","2020年11月","購入日で判定",""
"一致","SoftBank","Apple","iPhone SE (第2世代)","要","iPhone SE（第2世代）","","2020年5月","購入日で判定",""
"一致","SoftBank","Apple","iPhone 11 Pro","要","iPhone 11 Pro","","2019年9月","購入日で判定",""
"一致","SoftBank","Apple","iPhone 11 Pro Max","要","iPhone 11 Pro Max","","2019年9月","購入日で判定",""
"一致","SoftBank","Apple","iPhone 11","要","iPhone 11","","2019年9月","購入日で判定",""
"一致","SoftBank","Apple","iPhone XR","要","iPhone XR","","2018年10月","購入日で判定",""
"一致","SoftBank","Apple","iPhone XS","要","iPhone XS","","2018年9月","購入日で判定",""
"一致","SoftBank","Apple","iPhone XS Max","要","iPhone XS Max","","2018年9月","購入日で判定",""
"一致","SoftBank","Apple","iPhone X","要","iPhone X","","2017年11月","購入日で判定",""
"一致","SoftBank","Apple","iPhone 8","要","iPhone 8","","2017年9月","購入日で判定",""
"一致","SoftBank","Apple","iPhone 8 Plus","要","iPhone 8 Plus","","2017年9月","購入日で判定",""
"一致","SoftBank","Apple","iPhone 7","要","iPhone 7","","2016年9月","購入日で判定",""
"一致","SoftBank","Apple","iPhone 7 Plus","要","iPhone 7 Plus","","2016年9月","購入日で判定",""
"一致","SoftBank","Apple","iPhone SE (第1世代)","要","iPhone SE（第1世代）","","2016年3月","購入日で判定",""
"一致","SoftBank","Apple","iPhone 6s","要","iPhone 6s","","2015年9月","購入日で判定",""
"一致","SoftBank","Apple","iPhone 6s Plus","要","iPhone 6s Plus","","2015年9月","購入日で判定",""
"一致","SoftBank","Apple","11インチiPad Air (M4)","不要","11インチ iPad Air（M4）","","2026年","解除不要",""
"一致","SoftBank","Apple","13インチiPad Air (M4)","不要","13インチ iPad Air（M4）","","2026年","解除不要",""
"一致","SoftBank","Apple","11インチiPad Pro (M5)","不要","11インチ iPad Pro（M5）","","2025年10月","解除不要",""
"一致","SoftBank","Apple","13インチiPad Pro (M5)","不要","13インチ iPad Pro（M5）","","2025年10月","解除不要",""
"一致","SoftBank","Apple","11インチiPad Air（M3）","不要","11インチ iPad Air（M3）","","2025年3月","解除不要",""
"一致","SoftBank","Apple","13インチiPad Air（M3）","不要","13インチ iPad Air（M3）","","2025年3月","解除不要",""
"一致","SoftBank","Apple","11インチiPad（A16）","不要","11インチ iPad（A16）","","2025年3月","解除不要",""
"一致","SoftBank","Apple","iPad mini (A17 Pro)","不要","iPad mini（A17 Pro）","","2024年10月","解除不要",""
"一致","SoftBank","Apple","13インチiPad Pro (M4)","不要","13インチ iPad Pro（M4）","","2024年5月","解除不要",""
"一致","SoftBank","Apple","11インチiPad Pro (M4)","不要","11インチ iPad Pro（M4）","","2024年5月","解除不要",""
"一致","SoftBank","Apple","13インチiPad Air (M2)","不要","13インチ iPad Air（M2）","","2024年5月","解除不要",""
"一致","SoftBank","Apple","11インチiPad Air (M2)","不要","11インチ iPad Air（M2）","","2024年5月","解除不要",""
"一致","SoftBank","Apple","12.9インチiPad Pro（第6世代）","不要","12.9インチ iPad Pro（第6世代）","","2022年10月","解除不要",""
"一致","SoftBank","Apple","11インチiPad Pro（第4世代）","不要","11インチ iPad Pro（第4世代）","","2022年10月","解除不要",""
"一致","SoftBank","Apple","iPad（第10世代）","不要","iPad（第10世代）","","2022年10月","解除不要",""
"一致","SoftBank","Apple","iPad Air（第5世代）","不要","iPad Air（第5世代）","","2022年3月","解除不要",""
"一致","SoftBank","Apple","iPad（第9世代）","不要","iPad（第9世代）","","2021年9月","解除不要",""
"一致","SoftBank","Apple","iPad mini（第6世代）","不要","iPad mini（第6世代）","","2021年9月","解除不要",""
"一致","SoftBank","Apple","11インチ iPad Pro（第3世代）","要","11インチ iPad Pro（第3世代）","","2021年5月","購入日で判定",""
"一致","SoftBank","Apple","12.9インチ iPad Pro（第5世代）","要","12.9インチ iPad Pro（第5世代）","","2021年5月","購入日で判定",""
"一致","SoftBank","Apple","iPad Air（第4世代）","要","iPad Air（第4世代）","","2020年10月","購入日で判定",""
"一致","SoftBank","Apple","iPad（第8世代）","要","iPad（第8世代）","","2020年9月","購入日で判定",""
"一致","SoftBank","Apple","11インチ iPad Pro（第2世代）","要","11インチ iPad Pro（第2世代）","","2020年3月","購入日で判定",""
"一致","SoftBank","Apple","12.9インチ iPad Pro（第4世代）","要","12.9インチ iPad Pro（第4世代）","","2020年3月","購入日で判定",""
"一致","SoftBank","Apple","iPad（第7世代）","要","iPad（第7世代）","","2019年9月","購入日で判定",""
"一致","SoftBank","Apple","iPad Air（第3世代）","要","iPad Air（第3世代）","","2019年3月","購入日で判定",""
"一致","SoftBank","Apple","iPad mini（第5世代）","要","iPad mini（第5世代）","","2019年3月","購入日で判定",""
"一致","SoftBank","Apple","11インチ iPad Pro（第1世代）","要","11インチ iPad Pro（第1世代）","","2018年11月","購入日で判定",""
"一致","SoftBank","Apple","12.9インチ iPad Pro（第3世代）","要","12.9インチ iPad Pro（第3世代）","","2018年11月","購入日で判定",""
"一致","SoftBank","Apple","iPad（第6世代）","要","iPad（第6世代）","","2018年3月","購入日で判定",""
"一致","SoftBank","Apple","10.5インチ iPad Pro","要","10.5インチ iPad Pro","","2017年6月","購入日で判定",""
"一致","SoftBank","Apple","12.9インチ iPad Pro（第2世代）","要","12.9インチ iPad Pro（第2世代）","","2017年6月","購入日で判定",""
"一致","SoftBank","Apple","iPad（第5世代）","要","iPad（第5世代）","","2017年3月","購入日で判定",""
"一致","SoftBank","Apple","9.7インチ iPad Pro","要","9.7インチ iPad Pro","","2016年3月","購入日で判定",""
"一致","SoftBank","Apple","12.9インチiPad Pro（第1世代）","要","12.9インチ iPad Pro（第1世代）","","2015年11月","購入日で判定",""
"一致","SoftBank","Apple","iPad mini 4","要","iPad mini 4","","2015年9月","購入日で判定",""
"一致","SoftBank","FCNT","arrows We2 A402FC","不要","arrows We2","A402FC","2024年","解除不要",""
"一致","SoftBank","FCNT","arrows We A101FC","不要","arrows We","A101FC","2021年12月","解除不要",""
"一致","SoftBank","FCNT","arrows U 801FJ","要","arrows U","801FJ","2018年","購入日で判定",""
"一致","SoftBank","Huawei","Mate 20 Pro LYA-L09","要","HUAWEI Mate 20 Pro","LYA-L09","2018年","購入日で判定",""
"一致","SoftBank","Huawei","HUAWEI nova lite 2 704HW","要","HUAWEI nova lite 2","704HW","2018年","購入日で判定",""
"一致","SoftBank","Huawei","HUAWEI Mate 10 Pro 703HW","要","HUAWEI Mate 10 Pro","703HW","2018年","購入日で判定",""
"一致","SoftBank","KYOCERA","DIGNO BX2 A101KC","不要","DIGNO BX2","A101KC","—","解除不要",""
"一致","SoftBank","KYOCERA","DIGNO J 704KC","要","DIGNO J","704KC","—","購入日で判定",""
"一致","SoftBank","KYOCERA","DIGNO G 602KC","要","DIGNO G","602KC","—","購入日で判定",""
"一致","SoftBank","LG Electronics","V60 ThinQ 5G A001LG","要","LG V60 ThinQ 5G","A001LG","2020年11月","購入日で判定",""
"一致","SoftBank","LG Electronics","LG G8X ThinQ 901LG","要","LG G8X ThinQ","901LG","2019年","購入日で判定",""
"一致","SoftBank","LG Electronics","LG K50 802LG","要","LG K50","802LG","2019年","購入日で判定",""
"一致","SoftBank","OPPO","OPPO Reno10 Pro 5G A302OP","不要","OPPO Reno10 Pro 5G","A302OP","2023年","解除不要",""
"相違","SoftBank","OPPO","OPPO A55s 5G A102OP","要","OPPO A55s 5G","A102OP","2021年11月","解除不要","本ツールは各キャリア公式（発売時期・公式のロックあり機種一覧）で「ロックなし」。J:COMは「要」"
"一致","SoftBank","OPPO","OPPO Reno3 5G A001OP","要","OPPO Reno3 5G","A001OP","2020年","購入日で判定",""
"一致","SoftBank","SAMSUNG","Samsung Galaxy S26 Ultra SM-S948Z","不要","Galaxy S26 Ultra","SM-S948Z","2026年3月","解除不要",""
"一致","SoftBank","SAMSUNG","Samsung Galaxy S26+ SM-S947Z","不要","Galaxy S26+","SM-S947Z","2026年3月","解除不要",""
"一致","SoftBank","SAMSUNG","Samsung Galaxy S26 SM-S942Z","不要","Galaxy S26","SM-S942Z","2026年3月","解除不要",""
"一致","SoftBank","SAMSUNG","Samsung Galaxy Z Flip7 SM-F766Z","不要","Galaxy Z Flip7","SM-F766Z","2025年8月","解除不要",""
"一致","SoftBank","SAMSUNG","Samsung Galaxy Z Fold7 SM-F966Z","不要","Galaxy Z Fold7","SM-F966Z","2025年8月","解除不要",""
"一致","SoftBank","SAMSUNG","Samsung Galaxy A25 5G","不要","Galaxy A25 5G","","2025年2月","解除不要",""
"一致","SoftBank","SAMSUNG","Samsung Galaxy S25 SM-S931Z","不要","Galaxy S25","SM-S931Z","2025年2月","解除不要",""
"一致","SoftBank","SAMSUNG","Samsung Galaxy S25 Ultra SM-S938Z","不要","Galaxy S25 Ultra","SM-S938Z","2025年2月","解除不要",""
"一致","SoftBank","SHARP","AQUOS sense10","不要","AQUOS sense10","","2025年11月","解除不要",""
"一致","SoftBank","SHARP","AQUOS R10","不要","AQUOS R10","","2025年7月","解除不要",""
"一致","SoftBank","SHARP","AQUOS R9 pro","不要","AQUOS R9 pro","","2025年4月","解除不要",""
"一致","SoftBank","SHARP","AQUOS sense9 A405SH","不要","AQUOS sense9","A405SH","2024年","解除不要",""
"一致","SoftBank","SHARP","AQUOS R9 A401SH","不要","AQUOS R9","A401SH","2024年","解除不要",""
"一致","SoftBank","SHARP","シンプルスマホ7 A404SH","不要","シンプルスマホ7","A404SH","—","解除不要",""
"一致","SoftBank","SHARP","LEITZ PHONE 3 LP-03","不要","LEITZ PHONE 3","LP-03","—","解除不要",""
"一致","SoftBank","SHARP","AQUOS wish3 A303SH","不要","AQUOS wish3","A303SH","2023年","解除不要",""
"一致","SoftBank","SHARP","AQUOS R8 pro A301SH","不要","AQUOS R8 pro","A301SH","2023年7月","解除不要",""
"一致","SoftBank","SHARP","Leitz Phone 2 LP-02","不要","Leitz Phone 2","LP-02","—","解除不要",""
"一致","SoftBank","SHARP","AQUOS sense7 plus A208SH","不要","AQUOS sense7 plus","A208SH","2022年10月","解除不要",""
"一致","SoftBank","SHARP","AQUOS R7 A202SH","不要","AQUOS R7","A202SH","2022年6月","解除不要",""
"一致","SoftBank","SHARP","シンプルスマホ6 A201SH","不要","シンプルスマホ6","A201SH","—","解除不要",""
"一致","SoftBank","SHARP","AQUOS wish A103SH","不要","AQUOS wish","A103SH","2022年1月","解除不要",""
"一致","SoftBank","SHARP","AQUOS zero6 A102SH","不要","AQUOS zero6","A102SH","2021年10月","解除不要",""
"一致","SoftBank","SHARP","LEITZ PHONE 1 LP-01","不要","LEITZ PHONE 1","LP-01","2021年7月","解除不要",""
"一致","SoftBank","SHARP","AQUOS R6 A101SH","不要","AQUOS R6","A101SH","2021年7月","解除不要",""
"一致","SoftBank","SHARP","AQUOS sense5G A004SH","要","AQUOS sense5G","A004SH","2021年","購入日で判定",""
"一致","SoftBank","SHARP","AQUOS zero5G basic A002SH","要","AQUOS zero5G basic","A002SH","—","購入日で判定",""
"一致","SoftBank","SHARP","シンプルスマホ5 A001SH","要","シンプルスマホ5","A001SH","—","購入日で判定",""
"一致","SoftBank","SHARP","AQUOS R5G 908SH","要","AQUOS R5G","908SH","2020年3月","購入日で判定",""
"一致","SoftBank","SHARP","AQUOS zero2 906SH","要","AQUOS zero2","906SH","2019年","購入日で判定",""
"一致","SoftBank","SHARP","AQUOS sense3 plus 901SH","要","AQUOS sense3 plus","901SH","—","購入日で判定",""
"一致","SoftBank","SHARP","AQUOS R3 808SH","要","AQUOS R3","808SH","2019年","購入日で判定",""
"一致","SoftBank","SHARP","AQUOS R2 compact 803SH","要","AQUOS R2 compact","803SH","—","購入日で判定",""
"一致","SoftBank","SHARP","AQUOS zero 801SH","要","AQUOS zero","801SH","—","購入日で判定",""
"一致","SoftBank","SHARP","Android One S5","要","Android One S5","","—","購入日で判定",""
"一致","SoftBank","SHARP","シンプルスマホ4 704SH","要","シンプルスマホ4","704SH","—","購入日で判定",""
"一致","SoftBank","SHARP","AQUOS R2 706SH","要","AQUOS R2","706SH","2018年","購入日で判定",""
"一致","SoftBank","SHARP","Android One S3","要","Android One S3","","—","購入日で判定",""
"一致","SoftBank","SHARP","AQUOS R compact 701SH","要","AQUOS R compact","701SH","—","購入日で判定",""
"一致","SoftBank","SHARP","AQUOS ea 606SH","要","AQUOS ea","606SH","—","購入日で判定",""
"一致","SoftBank","SHARP","AQUOS R 605SH","要","AQUOS R","605SH","2017年","購入日で判定",""
"一致","SoftBank","Sony Corporation","Xperia 1 VIII","不要","Xperia 1 VIII","","2026年6月","解除不要",""
"一致","SoftBank","Sony Corporation","Xperia 10 VII","不要","Xperia 10 VII","","2025年10月","解除不要",""
"一致","SoftBank","Sony Corporation","Xperia 1 VII","不要","Xperia 1 VII","A501SO","2025年6月","解除不要",""
"一致","SoftBank","Sony Corporation","Xperia 10 VI A402SO","不要","Xperia 10 VI","A402SO","2024年6月","解除不要",""
"一致","SoftBank","Sony Corporation","Xperia 1 VI A401SO","不要","Xperia 1 VI","A401SO","2024年6月","解除不要",""
"一致","SoftBank","Sony Corporation","Xperia 10 V A302SO","不要","Xperia 10 V","A302SO","2023年7月","解除不要",""
"一致","SoftBank","Sony Corporation","Xperia 1 V Gaming Edition A301SO","不要","Xperia 1 V","A301SO","2023年6月","解除不要",""
"一致","SoftBank","Sony Corporation","Xperia 5 IV A204SO","不要","Xperia 5 IV","A204SO","2022年10月","解除不要",""
"一致","SoftBank","Sony Corporation","Xperia 10 IV A202SO","不要","Xperia 10 IV","A202SO","2022年7月","解除不要",""
"一致","SoftBank","Sony Corporation","Xperia 1 IV A201SO","不要","Xperia 1 IV","A201SO","2022年6月","解除不要",""
"一致","SoftBank","Sony Corporation","Xperia 5 III A103SO","不要","Xperia 5 III","A103SO","2021年11月","解除不要",""
"一致","SoftBank","Sony Corporation","Xperia 1 III A101SO","不要","Xperia 1 III","A101SO","2021年7月","解除不要",""
"一致","SoftBank","Sony Corporation","Xperia 5 II A002SO","要","Xperia 5 II","A002SO","2020年10月","購入日で判定",""
"一致","SoftBank","Sony Corporation","Xperia 5 901SO","要","Xperia 5","901SO","2019年","購入日で判定",""
"一致","SoftBank","Sony Corporation","Xperia 1 802SO","要","Xperia 1","802SO","2019年","購入日で判定",""
"一致","SoftBank","Sony Corporation","Xperia XZ3 801SO","要","Xperia XZ3","801SO","2018年","購入日で判定",""
"一致","SoftBank","Sony Corporation","XperiaTM XZ2 702SO","要","Xperia XZ2","702SO","2018年5月","購入日で判定",""
"一致","SoftBank","Sony Corporation","XperiaTM XZ1 701SO","要","Xperia XZ1","701SO","2017年10月","購入日で判定",""
"一致","SoftBank","Sony Corporation","XperiaTM XZs 602SO","要","Xperia XZs","602SO","2017年4月","購入日で判定",""
"一致","SoftBank","Xiaomi","Xiaomi 14T Pro A402XM","不要","Xiaomi 14T Pro","A402XM","2024年11月","解除不要",""
"一致","SoftBank","Xiaomi","Redmi 12 5G A401XM","不要","Redmi 12 5G","A401XM","2024年4月","解除不要",""
"一致","SoftBank","Xiaomi","Xiaomi 13T Pro A301XM","不要","Xiaomi 13T Pro","A301XM","2023年","解除不要",""
"一致","SoftBank","Xiaomi","Xiaomi 12T Pro A201XM","不要","Xiaomi 12T Pro","A201XM","2022年","解除不要",""
"一致","SoftBank","Xiaomi","Redmi Note 10T A101XM","不要","Redmi Note 10T","A101XM","2022年4月","解除不要",""
"一致","SoftBank","Xiaomi","Redmi Note 9T A001XM","要","Redmi Note 9T","A001XM","2021年2月","購入日で判定",""
"一致","SoftBank","ZTE Corporation","Axon 10 Pro 5G 902ZT","要","Axon 10 Pro 5G","902ZT","2019年","購入日で判定",""
"一致","SoftBank","BALMUDA","BALMUDA Phone A101BM","不要","BALMUDA Phone","A101BM","2021年11月","解除不要",""
"一致","SoftBank","Google","Google Pixel 11","不要","Pixel 11","","2026年8月","解除不要",""
"一致","SoftBank","Google","Google Pixel 11 Pro","不要","Pixel 11 Pro","","2026年8月","解除不要",""
"一致","SoftBank","Google","Google Pixel 11 Pro XL","不要","Pixel 11 Pro XL","","2026年8月","解除不要",""
"一致","SoftBank","Google","Google Pixel 11 Pro Fold","不要","Pixel 11 Pro Fold","","2026年8月","解除不要",""
"一致","SoftBank","Google","Google Pixel 10a","不要","Pixel 10a","","2026年3月","解除不要",""
"一致","SoftBank","Google","Google Pixel 10 Pro Fold","不要","Pixel 10 Pro Fold","","2025年10月","解除不要",""
"一致","SoftBank","Google","Google Pixel 10 Pro","不要","Pixel 10 Pro","","2025年8月","解除不要",""
"一致","SoftBank","Google","Google Pixel 10 Pro XL","不要","Pixel 10 Pro XL","","2025年8月","解除不要",""
"一致","SoftBank","Google","Google Pixel 10","不要","Pixel 10","","2025年8月","解除不要",""
"一致","SoftBank","Google","Google Pixel 9a","不要","Pixel 9a","","2025年4月","解除不要",""
"一致","SoftBank","Google","Google Pixel 9 Pro Fold","不要","Pixel 9 Pro Fold","","2024年9月","解除不要",""
"一致","SoftBank","Google","Google Pixel 9 Pro","不要","Pixel 9 Pro","","2024年9月","解除不要",""
"一致","SoftBank","Google","Google Pixel 9 Pro XL","不要","Pixel 9 Pro XL","","2024年9月","解除不要",""
"一致","SoftBank","Google","Google Pixel 9","不要","Pixel 9","","2024年8月","解除不要",""
"一致","SoftBank","Google","Google Pixel 8a","不要","Pixel 8a","","2024年5月","解除不要",""
"一致","SoftBank","Google","Google Pixel 8 Pro","不要","Pixel 8 Pro","","2023年10月","解除不要",""
"一致","SoftBank","Google","Google Pixel 8","不要","Pixel 8","","2023年10月","解除不要",""
"一致","SoftBank","Google","Google Pixel Fold","不要","Pixel Fold","","2023年7月","解除不要",""
"一致","SoftBank","Google","Google Pixel 7a","不要","Pixel 7a","","2023年5月","解除不要",""
"一致","SoftBank","Google","Google Pixel 7 Pro","不要","Pixel 7 Pro","","2022年10月","解除不要",""
"一致","SoftBank","Google","Google Pixel 7","不要","Pixel 7","","2022年10月","解除不要",""
"一致","SoftBank","Google","Google Pixel 6a","不要","Pixel 6a","","2022年7月","解除不要",""
"一致","SoftBank","Google","Google Pixel 6 Pro","不要","Pixel 6 Pro","","2021年10月","解除不要",""
"一致","SoftBank","Google","Google Pixel 6","不要","Pixel 6","","2021年10月","解除不要",""
"一致","SoftBank","Google","Google Pixel 5a (5G)","不要","Pixel 5a (5G)","","2021年8月","解除不要",""
"一致","SoftBank","Google","Google Pixel 5","要","Pixel 5","","2020年10月","購入日で判定",""
"一致","SoftBank","Google","Google Pixel 4a (5G)","要","Pixel 4a (5G)","","2020年11月","購入日で判定",""
"一致","SoftBank","Google","Google Pixel 4a","要","Pixel 4a","","2020年10月","購入日で判定",""
"一致","SoftBank","Google","Google Pixel 4 XL","要","Pixel 4 XL","","2019年10月","購入日で判定",""
"一致","SoftBank","Google","Google Pixel 4","要","Pixel 4","","2019年10月","購入日で判定",""
"一致","SoftBank","Google","Google Pixel 3a XL","要","Pixel 3a XL","","2019年6月","購入日で判定",""
"一致","SoftBank","Google","Google Pixel 3a","要","Pixel 3a","","2019年6月","購入日で判定",""
"一致","SoftBank","Google","Google Pixel 3 XL","要","Pixel 3 XL","","2018年11月","購入日で判定",""
"一致","SoftBank","Google","Google Pixel 3","要","Pixel 3","","2018年11月","購入日で判定",""
"一致","SoftBank","Motorola","motorola razr 60s","不要","razr 60s","","2025年","解除不要",""
"一致","SoftBank","Motorola","motorola edge 60s pro","不要","edge 60s pro","","2025年","解除不要",""
"一致","SoftBank","Motorola","motorola razr 50 ultra","不要","razr 50 ultra","","2024年12月","解除不要",""
"一致","SoftBank","Motorola","motorola razr 50s","不要","razr 50s","","2024年9月","解除不要",""
"一致","SoftBank","Motorola","motorola edge 50s pro XT2403-5","不要","edge 50s pro","XT2403-5","2024年","解除不要",""
"一致","SoftBank","Motorola","motorola razr 40s XT2323-7","不要","razr 40s","XT2323-7","2023年","解除不要",""
"一致","SoftBank","Motorola","motorola razr 5G XT2071-4","要","razr 5G","XT2071-4","2020年","購入日で判定",""
"一致","SoftBank","HTC","HTC U11 601HT","要","HTC U11","601HT","2017年","購入日で判定",""
"一致","UQ","Apple","iPhone 17e","不要","iPhone 17e","","2026年3月","解除不要",""
"一致","UQ","Apple","iPhone 16e","不要","iPhone 16e","","2025年2月","解除不要",""
"一致","UQ","Apple","iPhone 16","不要","iPhone 16","","2024年9月","解除不要",""
"一致","UQ","Apple","iPhone 15","不要","iPhone 15","","2023年9月","解除不要",""
"一致","UQ","Apple","iPhone 14","不要","iPhone 14","","2022年9月","解除不要",""
"一致","UQ","Apple","iPhone 13","不要","iPhone 13","","2021年9月","解除不要",""
"一致","UQ","Apple","iPhone SE (第3世代)","不要","iPhone SE（第3世代）","","2022年3月","解除不要",""
"一致","UQ","Apple","iPhone 12","要","iPhone 12","","2020年10月","購入日で判定",""
"一致","UQ","Apple","iPhone 12 mini","要","iPhone 12 mini","","2020年11月","購入日で判定",""
"一致","UQ","Apple","iPhone SE (第2世代)","要","iPhone SE（第2世代）","","2020年","購入日で判定",""
"一致","UQ","Apple","iPhone 11","要","iPhone 11","","2019年9月","購入日で判定",""
"一致","UQ","Apple","iPhone 7","要","iPhone 7","","2016年9月","購入日で判定",""
"一致","UQ","Apple","iPhone SE (第1世代)","要","iPhone SE（第1世代）","","2016年3月","購入日で判定",""
"一致","UQ","Apple","iPhone 6s","要","iPhone 6s","","2015年9月","購入日で判定",""
"一致","UQ","ASUS","ZenFone 4 Selfie Pro (ZD552KL)","不要","ZenFone 4 Selfie Pro","ZD552KL","2017年","解除不要",""
"一致","UQ","ASUS","ZenFone 4 (ZE554KL)","不要","ZenFone 4","ZE554KL","2017年","解除不要",""
"一致","UQ","ASUS","ZenFone 3 Ultra (ZU680KL)","不要","ZenFone 3 Ultra","ZU680KL","2016年","解除不要",""
"一致","UQ","ASUS","ZenFone 3 Laser (ZC551KL)","不要","ZenFone 3 Laser","ZC551KL","2016年","解除不要",""
"一致","UQ","ASUS","ZenFone 3 Deluxe (ZS550KL)","不要","ZenFone 3 Deluxe","ZS550KL","2016年","解除不要",""
"一致","UQ","ASUS","ZenFone 3 (ZE520KL)","不要","ZenFone 3","ZE520KL","2016年","解除不要",""
"一致","UQ","ASUS","ZenFone 2 laser (ZE500KL)","不要","ZenFone 2 laser","ZE500KL","2016年","解除不要",""
"一致","UQ","ASUS","ZenFone Go (ZB551KL)","不要","ZenFone Go","ZB551KL","2016年","解除不要",""
"一致","UQ","FCNT","arrows We3","不要","arrows We3","","2026年6月","解除不要",""
"一致","UQ","FCNT","らくらくスマートフォン Lite","不要","らくらくスマートフォン Lite MR01","","2025年1月","解除不要",""
"一致","UQ","FCNT","arrows We2 FCG02","不要","arrows We2","FCG02","2024年","解除不要",""
"一致","UQ","FCNT","arrows We FCG01","不要","arrows We","FCG01","2021年12月","解除不要",""
"一致","UQ","FCNT","arrows M04 PREMIUM","不要","arrows M04 PREMIUM","","—","解除不要",""
"一致","UQ","FCNT","arrows M03","不要","arrows M03","","—","解除不要",""
"一致","UQ","FCNT","arrows M02","不要","arrows M02","","—","解除不要",""
"一致","UQ","Huawei","HUAWEI P30 lite","不要","HUAWEI P30 lite","","2019年","解除不要",""
"一致","UQ","Huawei","HUAWEI nova lite 3","不要","HUAWEI nova lite 3","","2019年","解除不要",""
"一致","UQ","Huawei","HUAWEI P20 lite","不要","HUAWEI P20 lite","","2018年","解除不要",""
"一致","UQ","Huawei","HUAWEI nova 2","不要","HUAWEI nova 2","","2017年","解除不要",""
"一致","UQ","Huawei","HUAWEI P10 lite","不要","HUAWEI P10 lite","","2017年","解除不要",""
"一致","UQ","Huawei","HUAWEI nova","不要","HUAWEI nova","","2017年","解除不要",""
"一致","UQ","Huawei","HUAWEI P9 lite PREMIUM","不要","HUAWEI P9 lite PREMIUM","","2017年","解除不要",""
"一致","UQ","KYOCERA","BASIO active3","不要","BASIO active3","","2025年4月","解除不要",""
"一致","UQ","KYOCERA","BASIO4","不要","BASIO4","KYV47","2020年","解除不要",""
"一致","UQ","KYOCERA","おてがるスマホ01","不要","おてがるスマホ01","","—","解除不要",""
"一致","UQ","KYOCERA","DIGNO A","不要","DIGNO A","","—","解除不要",""
"一致","UQ","KYOCERA","DIGNO V","不要","DIGNO V","","—","解除不要",""
"一致","UQ","KYOCERA","DIGNO W","不要","DIGNO W","","—","解除不要",""
"一致","UQ","KYOCERA","DIGNO L","不要","DIGNO L","","—","解除不要",""
"一致","UQ","KYOCERA","DIGNO Phone","不要","DIGNO Phone","","2016年","解除不要",""
"一致","UQ","LG Electronics","LG X screen","不要","LG X screen","","2016年","解除不要",""
"一致","UQ","OPPO","OPPO Reno15 A","不要","OPPO Reno15 A","","2026年","解除不要",""
"一致","UQ","OPPO","OPPO A5 5G","不要","OPPO A5 5G","","2025年","解除不要",""
"一致","UQ","OPPO","OPPO Reno13 A","不要","OPPO Reno13 A","","2025年6月","解除不要",""
"一致","UQ","OPPO","OPPO Reno7 A","不要","OPPO Reno7 A","OPG04","2022年6月","解除不要",""
"一致","UQ","OPPO","OPPO A54 5G","不要","OPPO A54 5G","OPG02","2021年6月","解除不要",""
"一致","UQ","OPPO","Reno3 A","不要","OPPO Reno3 A","","2020年","解除不要",""
"一致","UQ","OPPO","A5 2020","不要","OPPO A5 2020","","2020年","解除不要",""
"一致","UQ","OPPO","R17 Neo","不要","OPPO R17 Neo","","2019年","解除不要",""
"一致","UQ","SAMSUNG","Samsung Galaxy A25 5G","不要","Galaxy A25 5G","","2025年2月","解除不要",""
"一致","UQ","SAMSUNG","Galaxy S23 FE","不要","Galaxy S23 FE","","2024年","解除不要",""
"一致","UQ","SAMSUNG","Galaxy A55 5G","不要","Galaxy A55 5G","","2024年","解除不要",""
"一致","UQ","SAMSUNG","Galaxy S22","不要","Galaxy S22","SCG13","2022年","解除不要",""
"一致","UQ","SAMSUNG","Galaxy A54 5G","不要","Galaxy A54 5G","SCG21","2023年6月","解除不要",""
"一致","UQ","SAMSUNG","Galaxy A23 5G","不要","Galaxy A23 5G","SCG18","2022年10月","解除不要",""
"一致","UQ","SAMSUNG","Galaxy A53 5G","不要","Galaxy A53 5G","SCG15","2022年5月","解除不要",""
"一致","UQ","SAMSUNG","Galaxy A21","不要","Galaxy A21","SCV49","2020年","解除不要",""
"一致","UQ","SAMSUNG","Galaxy A41","不要","Galaxy A41","","2020年","解除不要",""
"一致","UQ","SAMSUNG","Galaxy A20","不要","Galaxy A20","","2019年","解除不要",""
"一致","UQ","SAMSUNG","Galaxy A30","不要","Galaxy A30","","2019年","解除不要",""
"一致","UQ","SHARP","AQUOS sense10","不要","AQUOS sense10","","2025年11月","解除不要",""
"一致","UQ","SHARP","AQUOS sense9","不要","AQUOS sense9","","2024年","解除不要",""
"一致","UQ","SHARP","BASIO active2","不要","BASIO active2","","2024年4月","解除不要",""
"一致","UQ","SHARP","AQUOS sense8","不要","AQUOS sense8","","2023年11月","解除不要",""
"一致","UQ","SHARP","BASIO active","不要","BASIO active","","2022年9月","解除不要",""
"一致","UQ","SHARP","AQUOS sense7","不要","AQUOS sense7","","2022年11月","解除不要",""
"一致","UQ","SHARP","AQUOS wish2","不要","AQUOS wish2","","2022年","解除不要",""
"一致","UQ","SHARP","AQUOS sense6s","不要","AQUOS sense6s","","2022年4月","解除不要",""
"一致","UQ","SHARP","AQUOS sense6","不要","AQUOS sense6","","2021年11月","解除不要",""
"一致","UQ","SHARP","AQUOS wish","不要","AQUOS wish","","2022年1月","解除不要",""
"一致","UQ","SHARP","AQUOS sense5G","不要","AQUOS sense5G","","2021年2月","解除不要",""
"一致","UQ","SHARP","AQUOS sense3 basic","不要","AQUOS sense3 basic","SHV48","2020年","解除不要",""
"一致","UQ","SHARP","AQUOS sense3","不要","AQUOS sense3","","2019年","解除不要",""
"一致","UQ","SHARP","AQUOS sense2","不要","AQUOS sense2","","2018年","解除不要",""
"一致","UQ","SHARP","AQUOS sense","不要","AQUOS sense（初代）","","2017年","解除不要",""
"一致","UQ","SHARP","AQUOS L2","不要","AQUOS L2","","—","解除不要",""
"一致","UQ","SHARP","AQUOS L","不要","AQUOS L","","—","解除不要",""
"一致","UQ","Sony Corporation","Xperia 10 VII","不要","Xperia 10 VII","","2025年10月","解除不要",""
"一致","UQ","Sony Corporation","Xperia 10 VI","不要","Xperia 10 VI","","2024年6月","解除不要",""
"一致","UQ","Sony Corporation","Xperia 10 V","不要","Xperia 10 V","","2023年7月","解除不要",""
"一致","UQ","Sony Corporation","Xperia 10 IV","不要","Xperia 10 IV","","2022年7月","解除不要",""
"一致","UQ","Sony Corporation","Xperia Ace III","不要","Xperia Ace III","","2022年6月","解除不要",""
"一致","UQ","Sony Corporation","Xperia 8 Lite","不要","Xperia 8 Lite","","2019年","解除不要",""
"一致","UQ","Sony Corporation","Xperia 8","不要","Xperia 8","","2019年","解除不要",""
"一致","UQ","TCL Communication","SHINE LITE","不要","SHINE LITE","","2017年","解除不要",""
"一致","UQ","TCL Communication","IDOL 4","不要","IDOL 4","","2017年","解除不要",""
"一致","UQ","Xiaomi","Xiaomi 14T","不要","Xiaomi 14T","","2024年12月","解除不要",""
"一致","UQ","Xiaomi","Redmi Note 13 Pro 5G","不要","Redmi Note 13 Pro 5G","","2024年","解除不要",""
"一致","UQ","Xiaomi","Xiaomi 13T","不要","Xiaomi 13T","XIG04","2023年12月","解除不要",""
"一致","UQ","Xiaomi","Redmi 12 5G","不要","Redmi 12 5G","XIG03","2023年10月","解除不要",""
"一致","UQ","Xiaomi","Redmi Note 10 JE","不要","Redmi Note 10 JE","XIG02","2021年8月","解除不要",""
"一致","UQ","ZTE Corporation","BLADE V770","不要","BLADE V770","","2016年","解除不要",""
"一致","UQ","Google","Google Pixel 10a","不要","Pixel 10a","","2026年3月","解除不要",""
"一致","UQ","Google","Google Pixel 9a","不要","Pixel 9a","","2025年4月","解除不要",""
"一致","UQ","Google","Google Pixel 8a","不要","Pixel 8a","","2024年5月","解除不要",""
"一致","UQ","Google","Google Pixel 8","不要","Pixel 8","","2023年10月","解除不要",""
"一致","UQ","Google","Google Pixel 7a","不要","Pixel 7a","","2023年5月","解除不要",""
"一致","UQ","Google","Google Pixel 7","不要","Pixel 7","","2022年10月","解除不要",""
"一致","UQ","Google","Google Pixel 6a","不要","Pixel 6a","","2022年7月","解除不要",""
"一致","UQ","Motorola","motorola edge 60","不要","edge 60","","2025年","解除不要",""
"一致","Y!mobile","Apple","iPhone 17e","不要","iPhone 17e","","2026年3月","解除不要",""
"一致","Y!mobile","Apple","iPhone 16e","不要","iPhone 16e","","2025年2月","解除不要",""
"一致","Y!mobile","Apple","iPhone 16","不要","iPhone 16","","2024年9月","解除不要",""
"一致","Y!mobile","Apple","iPhone 15","不要","iPhone 15","","2025年1月","解除不要",""
"一致","Y!mobile","Apple","iPhone 14","不要","iPhone 14","","2022年9月","解除不要",""
"一致","Y!mobile","Apple","iPhone 13","不要","iPhone 13","","2023年11月","解除不要",""
"一致","Y!mobile","Apple","iPhone SE (第3世代)","不要","iPhone SE（第3世代）","","2022年3月","解除不要",""
"一致","Y!mobile","Apple","iPhone 12","要","iPhone 12","","2020年10月","購入日で判定",""
"一致","Y!mobile","Apple","iPhone 12 mini","要","iPhone 12 mini","","2020年11月","購入日で判定",""
"一致","Y!mobile","Apple","iPhone SE (第2世代)","要","iPhone SE（第2世代）","","2020年〜","購入日で判定",""
"相違","Y!mobile","Apple","iPhone 11","要","iPhone 11","","2019年9月","解除不要","本ツールは各キャリア公式（発売時期・公式のロックあり機種一覧）で「ロックなし」。J:COMは「要」"
"一致","Y!mobile","Apple","iPhone 7","要","iPhone 7","","2016年9月","購入日で判定",""
"一致","Y!mobile","Apple","iPhone SE (第1世代)","要","iPhone SE（第1世代）","","2016年3月","購入日で判定",""
"一致","Y!mobile","Apple","iPhone 6s","要","iPhone 6s","","2015年9月","購入日で判定",""
"一致","Y!mobile","FCNT","らくらくスマートフォン a A401FC","不要","らくらくスマートフォン a","A401FC","—","解除不要",""
"一致","Y!mobile","Huawei","HUAWEI P30 lite MAR-LX2J","不要","HUAWEI P30 lite","MAR-LX2J","2019年","解除不要",""
"一致","Y!mobile","Huawei","HUAWEI P20 lite ANE-LX2J","不要","HUAWEI P20 lite","ANE-LX2J","2018年","解除不要",""
"相違","Y!mobile","Huawei","HUAWEI nova lite for Y!mobile","要","HUAWEI nova lite for Y!mobile","","—","解除不要","本ツールは各キャリア公式（発売時期・公式のロックあり機種一覧）で「ロックなし」。J:COMは「要」"
"一致","Y!mobile","KYOCERA","Android One S10","不要","Android One S10","","—","解除不要",""
"一致","Y!mobile","KYOCERA","Android One S9","不要","Android One S9","","—","解除不要",""
"一致","Y!mobile","KYOCERA","かんたんスマホ2＋ A201KC","不要","かんたんスマホ2+","A201KC","2022年","解除不要",""
"相違","Y!mobile","KYOCERA","Android One S8","不要","Android One S8","","—","購入日で判定","本ツールは購入日で判定（公式のロックあり機種一覧に掲載）。J:COMは「不要」"
"一致","Y!mobile","KYOCERA","かんたんスマホ2 A001KC","要","かんたんスマホ2","A001KC","2021年","購入日で判定",""
"一致","Y!mobile","KYOCERA","Android One S6","要","Android One S6","","—","購入日で判定",""
"一致","Y!mobile","KYOCERA","かんたんスマホ 705KC","要","かんたんスマホ","705KC","2018年","購入日で判定",""
"一致","Y!mobile","KYOCERA","Android One S4","要","Android One S4","","—","購入日で判定",""
"一致","Y!mobile","KYOCERA","Android One X3","要","Android One X3","","—","購入日で判定",""
"一致","Y!mobile","LG Electronics","Android One X5","要","Android One X5","","—","購入日で判定",""
"一致","Y!mobile","OPPO","OPPO Reno15 A","不要","OPPO Reno15 A","","2026年","解除不要",""
"一致","Y!mobile","OPPO","OPPO A5 5G","不要","OPPO A5 5G","","2025年12月","解除不要",""
"一致","Y!mobile","OPPO","OPPO Reno13 A","不要","OPPO Reno13 A","","2025年6月","解除不要",""
"一致","Y!mobile","OPPO","OPPO A3 5G","不要","OPPO A3 5G","","2024年12月","解除不要",""
"一致","Y!mobile","OPPO","OPPO Reno11 A A401OP","不要","OPPO Reno11 A","A401OP","2024年","解除不要",""
"一致","Y!mobile","OPPO","OPPO A79 5G A303OP","不要","OPPO A79 5G","A303OP","2023年","解除不要",""
"一致","Y!mobile","OPPO","OPPO Reno9 A A301OP","不要","OPPO Reno9 A","A301OP","2023年6月","解除不要",""
"一致","Y!mobile","OPPO","OPPO Reno7 A A201OP","不要","OPPO Reno7 A","A201OP","2022年6月","解除不要",""
"一致","Y!mobile","OPPO","OPPO Reno5 A (eSIM) A103OP","不要","OPPO Reno5 A（eSIM対応版）","A103OP","—","解除不要",""
"一致","Y!mobile","OPPO","OPPO Reno5 A A101OP","不要","OPPO Reno5 A","A101OP","2021年6月","解除不要",""
"一致","Y!mobile","OPPO","OPPO Reno3 A A002OP","要","OPPO Reno3 A","A002OP","2020年","購入日で判定",""
"一致","Y!mobile","SAMSUNG","Samsung Galaxy A25 5G","不要","Galaxy A25 5G","","2025年2月","解除不要",""
"一致","Y!mobile","SHARP","AQUOS wish5 A502SH","不要","AQUOS wish5","A502SH","2025年6月","解除不要",""
"一致","Y!mobile","SHARP","AQUOS wish4 A402SH","不要","AQUOS wish4","A402SH","2024年7月","解除不要",""
"一致","Y!mobile","SHARP","AQUOS wish3 A302SH","不要","AQUOS wish3","A302SH","2023年","解除不要",""
"一致","Y!mobile","SHARP","AQUOS wish2 A204SH","不要","AQUOS wish2","A204SH","2022年6月","解除不要",""
"相違","Y!mobile","SHARP","AQUOS wish A104SH","要","AQUOS wish","A104SH","2022年","解除不要","本ツールは各キャリア公式（発売時期・公式のロックあり機種一覧）で「ロックなし」。J:COMは「要」"
"一致","Y!mobile","SHARP","AQUOS sense4 basic A003SH","要","AQUOS sense4 basic","A003SH","2021年","購入日で判定",""
"一致","Y!mobile","SHARP","Android One S7","要","Android One S7","","—","購入日で判定",""
"一致","Y!mobile","SHARP","Android One S5","要","Android One S5","","—","購入日で判定",""
"一致","Y!mobile","SHARP","Android One X4","要","Android One X4","","—","購入日で判定",""
"一致","Y!mobile","SHARP","Android One S3","要","Android One S3","","—","購入日で判定",""
"一致","Y!mobile","SHARP","Android One X1","要","Android One X1","","—","購入日で判定",""
"一致","Y!mobile","Sony Corporation","Xperia Ace III A203SO","不要","Xperia Ace III","A203SO","2022年6月","解除不要",""
"相違","Y!mobile","Sony Corporation","Xperia 10 III A102SO","要","Xperia 10 III","A102SO","2021年","解除不要","本ツールは各キャリア公式（発売時期・公式のロックあり機種一覧）で「ロックなし」。J:COMは「要」"
"一致","Y!mobile","Sony Corporation","Xperia 10 II A001SO","要","Xperia 10 II","A001SO","2020年","購入日で判定",""
"一致","Y!mobile","Sony Corporation","Xperia 8 902SO","要","Xperia 8","902SO","2019年","購入日で判定",""
"一致","Y!mobile","Xiaomi","Redmi 9T","不要","Redmi 9T","","2021年","解除不要",""
"一致","Y!mobile","ZTE Corporation","nubia Flip 2 A404ZT","不要","nubia Flip 2","A404ZT","2025年","解除不要",""
"一致","Y!mobile","ZTE Corporation","nubia S 5G A403ZT","不要","nubia S 5G","A403ZT","2024年","解除不要",""
"一致","Y!mobile","ZTE Corporation","Libero Flip A304ZT","不要","Libero Flip","A304ZT","2024年","解除不要",""
"一致","Y!mobile","ZTE Corporation","Libero 5G IV A302ZT","不要","Libero 5G IV","A302ZT","2023年","解除不要",""
"一致","Y!mobile","ZTE Corporation","Libero 5G III A202ZT","不要","Libero 5G III","A202ZT","2022年","解除不要",""
"一致","Y!mobile","ZTE Corporation","Libero 5G II A103ZT","不要","Libero 5G II","A103ZT","2021年12月","解除不要",""
"一致","Y!mobile","ZTE Corporation","Libero 5G A003ZT","要","Libero 5G","A003ZT","2021年4月","購入日で判定",""
"一致","Y!mobile","ZTE Corporation","Libero S10 901ZT","要","Libero S10","901ZT","2019年","購入日で判定",""
"一致","Y!mobile","Google","Google Pixel 9a","不要","Pixel 9a","","2025年9月","解除不要",""
"一致","Y!mobile","Google","Google Pixel 8a","不要","Pixel 8a","","2024年7月","解除不要",""
"一致","Y!mobile","Google","Google Pixel 8","不要","Pixel 8","","2023年10月","解除不要",""
"一致","Y!mobile","Google","Google Pixel 7a","不要","Pixel 7a","","2024年2月","解除不要",""
"一致","Y!mobile","Motorola","moto g66y 5G","不要","moto g66y 5G","","2025年","解除不要",""
"一致","Y!mobile","Motorola","moto g64y 5G","不要","moto g64y 5G","","2024年","解除不要",""
"相違","Y!mobile","Motorola","moto g53y 5G XT2335-4","要","moto g53y 5G","A301MO","2023年6月","解除不要","本ツールは各キャリア公式（発売時期・公式のロックあり機種一覧）で「ロックなし」。J:COMは「要」"
"一致","Y!mobile","HTC","Android One X2","要","Android One X2","","—","購入日で判定",""
"一致","楽天モバイル","Apple","iPhone 18 Pro","不要","iPhone 18 Pro","","2026年9月","解除不要",""
"一致","楽天モバイル","Apple","iPhone 18 Pro Max","不要","iPhone 18 Pro Max","","2026年9月","解除不要",""
"一致","楽天モバイル","Apple","iPhone Duo","不要","iPhone Duo","","2026年9月","解除不要",""
"一致","楽天モバイル","Apple","iPhone 17 Pro","不要","iPhone 17 Pro","","2025年9月","解除不要",""
"一致","楽天モバイル","Apple","iPhone 17 Pro Max","不要","iPhone 17 Pro Max","","2025年9月","解除不要",""
"一致","楽天モバイル","Apple","iPhone Air","不要","iPhone Air","","2025年9月","解除不要",""
"一致","楽天モバイル","Apple","iPhone 17","不要","iPhone 17","","2025年9月","解除不要",""
"一致","楽天モバイル","Apple","iPhone 17e","不要","iPhone 17e","","2026年3月","解除不要",""
"一致","楽天モバイル","Apple","iPhone 16 Pro","不要","iPhone 16 Pro","","2024年9月","解除不要",""
"一致","楽天モバイル","Apple","iPhone 16 Pro Max","不要","iPhone 16 Pro Max","","2024年9月","解除不要",""
"一致","楽天モバイル","Apple","iPhone 16","不要","iPhone 16","","2024年9月","解除不要",""
"一致","楽天モバイル","Apple","iPhone 16 Plus","不要","iPhone 16 Plus","","2024年9月","解除不要",""
"一致","楽天モバイル","Apple","iPhone 16e","不要","iPhone 16e","","2025年2月","解除不要",""
"一致","楽天モバイル","Apple","iPhone 15 Pro","不要","iPhone 15 Pro","","2023年9月","解除不要",""
"一致","楽天モバイル","Apple","iPhone 15 Pro Max","不要","iPhone 15 Pro Max","","2023年9月","解除不要",""
"一致","楽天モバイル","Apple","iPhone 15","不要","iPhone 15","","2023年9月","解除不要",""
"一致","楽天モバイル","Apple","iPhone 15 Plus","不要","iPhone 15 Plus","","2023年9月","解除不要",""
"一致","楽天モバイル","Apple","iPhone 14 Pro","不要","iPhone 14 Pro","","2022年9月","解除不要",""
"一致","楽天モバイル","Apple","iPhone 14 Pro Max","不要","iPhone 14 Pro Max","","2022年9月","解除不要",""
"一致","楽天モバイル","Apple","iPhone 14","不要","iPhone 14","","2022年9月","解除不要",""
"一致","楽天モバイル","Apple","iPhone 14 Plus","不要","iPhone 14 Plus","","2022年10月","解除不要",""
"一致","楽天モバイル","Apple","iPhone SE (第3世代)","不要","iPhone SE（第3世代）","","2022年3月","解除不要",""
"一致","楽天モバイル","Apple","iPhone 13 Pro","不要","iPhone 13 Pro","","2021年9月","解除不要",""
"一致","楽天モバイル","Apple","iPhone 13 Pro Max","不要","iPhone 13 Pro Max","","2021年9月","解除不要",""
"一致","楽天モバイル","Apple","iPhone 13","不要","iPhone 13","","2021年9月","解除不要",""
"一致","楽天モバイル","Apple","iPhone 13 mini","不要","iPhone 13 mini","","2021年9月","解除不要",""
"一致","楽天モバイル","Apple","iPhone 12 Pro","不要","iPhone 12 Pro","","2020年10月","解除不要",""
"一致","楽天モバイル","Apple","iPhone 12 Pro Max","不要","iPhone 12 Pro Max","","2020年11月","解除不要",""
"一致","楽天モバイル","Apple","iPhone 12","不要","iPhone 12","","2020年10月","解除不要",""
"一致","楽天モバイル","Apple","iPhone 12 mini","不要","iPhone 12 mini","","2020年11月","解除不要",""
"一致","楽天モバイル","Apple","iPhone SE (第2世代)","不要","iPhone SE（第2世代）","","2020年5月","解除不要",""
"一致","楽天モバイル","FCNT","arrows We3","不要","arrows We3","","2026年6月","解除不要",""
"一致","楽天モバイル","FCNT","arrows We2","不要","arrows We2","","2024年","解除不要",""
"一致","楽天モバイル","FCNT","arrows We2 Plus M06","不要","arrows We2 Plus","M06","2024年","解除不要",""
"一致","楽天モバイル","FCNT","arrows RX","不要","arrows RX","","—","解除不要",""
"一致","楽天モバイル","Huawei","HUAWEI nova 5T","不要","HUAWEI nova 5T","","2019年","解除不要",""
"一致","楽天モバイル","OPPO","OPPO Reno15 A","不要","OPPO Reno15 A","","2026年","解除不要",""
"一致","楽天モバイル","OPPO","OPPO A5 5G","不要","OPPO A5 5G","","2025年","解除不要",""
"一致","楽天モバイル","OPPO","OPPO Reno13 A","不要","OPPO Reno13 A","","2025年6月","解除不要",""
"一致","楽天モバイル","OPPO","Reno11 A CPH2603","不要","OPPO Reno11 A","CPH2603","2024年","解除不要",""
"一致","楽天モバイル","OPPO","OPPO A3 5G","不要","OPPO A3 5G","","2024年12月","解除不要",""
"一致","楽天モバイル","OPPO","OPPO A79 5G","不要","OPPO A79 5G","","2023年","解除不要",""
"一致","楽天モバイル","OPPO","OPPO Reno9 A","不要","OPPO Reno9 A","","2023年6月","解除不要",""
"一致","楽天モバイル","OPPO","OPPO Reno7 A","不要","OPPO Reno7 A","","2022年6月","解除不要",""
"一致","楽天モバイル","OPPO","OPPO A55s 5G","不要","OPPO A55s 5G","","2021年11月","解除不要",""
"一致","楽天モバイル","OPPO","OPPO Reno5 A","不要","OPPO Reno5 A","","2021年6月","解除不要",""
"一致","楽天モバイル","OPPO","OPPO A73","不要","OPPO A73","","2020年","解除不要",""
"一致","楽天モバイル","OPPO","OPPO Reno3 A","不要","OPPO Reno3 A","","2020年","解除不要",""
"一致","楽天モバイル","OPPO","OPPO Reno A","不要","OPPO Reno A","","2019年","解除不要",""
"一致","楽天モバイル","OPPO","OPPO A5 2020","不要","OPPO A5 2020","","2020年","解除不要",""
"一致","楽天モバイル","SAMSUNG","Samsung Galaxy S26 Ultra","不要","Galaxy S26 Ultra","","2026年3月","解除不要",""
"一致","楽天モバイル","SAMSUNG","Samsung Galaxy S26+","不要","Galaxy S26+","","2026年3月","解除不要",""
"一致","楽天モバイル","SAMSUNG","Samsung Galaxy S26","不要","Galaxy S26","","2026年3月","解除不要",""
"一致","楽天モバイル","SAMSUNG","Samsung Galaxy A25 5G","不要","Galaxy A25 5G","","2025年2月","解除不要",""
"一致","楽天モバイル","SAMSUNG","Galaxy S23 SM-S911C","不要","Galaxy S23","SM-S911C","2023年2月","解除不要",""
"一致","楽天モバイル","SAMSUNG","Galaxy A23 5G SM-A233C","不要","Galaxy A23 5G","SM-A233C","2022年11月","解除不要",""
"一致","楽天モバイル","SAMSUNG","Galaxy Z Flip4 SM-F721C","不要","Galaxy Z Flip4","SM-F721C","2022年9月","解除不要",""
"一致","楽天モバイル","SAMSUNG","Galaxy Note10+ SM-N975C","不要","Galaxy Note10+","SM-N975C","2019年","解除不要",""
"一致","楽天モバイル","SAMSUNG","Galaxy S10 SM-G973C","不要","Galaxy S10","SM-G973C","2019年6月","解除不要",""
"一致","楽天モバイル","SAMSUNG","Galaxy A7 SM-A750C","不要","Galaxy A7","SM-A750C","—","解除不要",""
"一致","楽天モバイル","SHARP","AQUOS sense10 SH-M33","不要","AQUOS sense10","SH-M33","2025年11月","解除不要",""
"一致","楽天モバイル","SHARP","AQUOS wish5 SH-M32","不要","AQUOS wish5","SH-M32","2025年6月","解除不要",""
"一致","楽天モバイル","SHARP","AQUOS sense9 SH-M29","不要","AQUOS sense9","SH-M29","2024年","解除不要",""
"一致","楽天モバイル","SHARP","AQUOS wish4 SH-M27","不要","AQUOS wish4","SH-M27","2024年","解除不要",""
"一致","楽天モバイル","SHARP","AQUOS sense8 SH-M26","不要","AQUOS sense8","SH-M26","2023年11月","解除不要",""
"一致","楽天モバイル","SHARP","AQUOS wish3 SH-M25","不要","AQUOS wish3","SH-M25","2023年","解除不要",""
"一致","楽天モバイル","SHARP","AQUOS sense7 SH-M24","不要","AQUOS sense7","SH-M24","2022年11月","解除不要",""
"一致","楽天モバイル","SHARP","AQUOS sense6s SH-RM19s","不要","AQUOS sense6s","SH-RM19s","2022年4月","解除不要",""
"一致","楽天モバイル","SHARP","AQUOS wish SH-M20","不要","AQUOS wish","SH-M20","2022年1月","解除不要",""
"一致","楽天モバイル","SHARP","AQUOS sense6 SH-RM19","不要","AQUOS sense6","SH-RM19","2021年11月","解除不要",""
"一致","楽天モバイル","SHARP","AQUOS zero6 SH-RM18","不要","AQUOS zero6","SH-RM18","2021年10月","解除不要",""
"一致","楽天モバイル","SHARP","AQUOS sense4 plus SH-M16","不要","AQUOS sense4 plus","SH-M16","—","解除不要",""
"一致","楽天モバイル","SHARP","AQUOS sense4 lite SH-RM15","不要","AQUOS sense4 lite","SH-RM15","2020年12月","解除不要",""
"一致","楽天モバイル","SHARP","AQUOS R5G SH-RM14","不要","AQUOS R5G","SH-RM14","2020年3月","解除不要",""
"一致","楽天モバイル","SHARP","AQUOS sense3 plus SH-RM11","不要","AQUOS sense3 plus","SH-RM11","—","解除不要",""
"一致","楽天モバイル","SHARP","AQUOS sense3 lite SH-RM12","不要","AQUOS sense3 lite","SH-RM12","—","解除不要",""
"一致","楽天モバイル","Sony Corporation","Xperia 10 VI","不要","Xperia 10 VI","","2024年6月","解除不要",""
"一致","楽天モバイル","Sony Corporation","Xperia 5 V","不要","Xperia 5 V","","2023年11月","解除不要",""
"一致","楽天モバイル","Sony Corporation","Xperia 10 V","不要","Xperia 10 V","","2023年7月","解除不要",""
"一致","楽天モバイル","Sony Corporation","Xperia 5 IV","不要","Xperia 5 IV","","2022年10月","解除不要",""
"一致","楽天モバイル","Sony Corporation","Xperia 10 IV","不要","Xperia 10 IV","XQ-CC44","2022年7月","解除不要",""
"一致","楽天モバイル","Sony Corporation","Xperia10Ⅲ Lite","不要","Xperia 10 III lite","","2021年","解除不要",""
"一致","楽天モバイル","Sony Corporation","Xperia Ace","不要","Xperia Ace","","2019年6月","解除不要",""
"一致","楽天モバイル","Xiaomi","Redmi Note 11 Pro 5G","不要","Redmi Note 11 Pro 5G","","2022年","解除不要",""
"一致","楽天モバイル","Google","Google Pixel 11","不要","Pixel 11","","2026年8月","解除不要",""
"一致","楽天モバイル","Google","Google Pixel 11 Pro","不要","Pixel 11 Pro","","2026年8月","解除不要",""
"一致","楽天モバイル","Google","Google Pixel 10a","不要","Pixel 10a","","2026年3月","解除不要",""
"一致","楽天モバイル","Google","Google Pixel 10 Pro","不要","Pixel 10 Pro","","2025年8月","解除不要",""
"一致","楽天モバイル","Google","Google Pixel 10","不要","Pixel 10","","2025年8月","解除不要",""
"一致","楽天モバイル","Google","Google Pixel 9a","不要","Pixel 9a","","2025年4月","解除不要",""
"一致","楽天モバイル","Rakuten","Rakuten BIG s","不要","Rakuten BIG s","","2021年","解除不要",""
"一致","楽天モバイル","Rakuten","Rakuten BIG","不要","Rakuten BIG","","2020年","解除不要",""
"一致","楽天モバイル","Rakuten","Rakuten Mini","不要","Rakuten Mini","C330","2019年10月","解除不要",""
"一致","楽天モバイル","Nothing","Phone (3a) Lite","不要","Nothing Phone (3a) Lite","","2025年","解除不要",""
"一致","楽天モバイル","Nothing","Phone (3)","不要","Nothing Phone (3)","","2025年","解除不要",""
"一致","楽天モバイル","Nothing","CMF Phone 2 Pro","不要","CMF Phone 2 Pro","","2025年","解除不要",""
"一致","楽天モバイル","Nothing","Phone (3a)","不要","Nothing Phone (3)","","2025年","解除不要",""